UNIT NAME,UNIT CODE,SETTLEMENT POINT NAME,FUEL,ZONE,YEAR,CAPACITY
COMANCHE PEAK U1,CPSES_UNIT1,CPSES_UNIT1,NUCLEAR,NORTH,1990,1222
COMANCHE PEAK U2,CPSES_UNIT2,CPSES_UNIT2,NUCLEAR,NORTH,1993,1209
SOUTH TEXAS U1,STP_STP_G1,STP_STP_G1,NUCLEAR,COASTAL,1988,1323.2
SOUTH TEXAS U2,STP_STP_G2,STP_STP_G2,NUCLEAR,COASTAL,1989,1310
COLETO CREEK,COLETO_COLETOG1,COL_COLETOG1,COAL,SOUTH,1980,655
FAYETTE POWER U1,FPPYD1_FPP_G1,FPPYD_FPP_G1,COAL,SOUTH,1979,603
FAYETTE POWER U2,FPPYD1_FPP_G2,FPPYD_FPP_G2,COAL,SOUTH,1980,603
FAYETTE POWER U3,FPPYD2_FPP_G3,FPPYD_FPP_G3,COAL,SOUTH,1988,444
J K SPRUCE U1,CALAVERS_JKS1,CALAVER_JKS1,COAL,SOUTH,1992,560
J K SPRUCE U2,CALAVERS_JKS2,CALAVER_JKS2,COAL,SOUTH,2010,785
LIMESTONE U1,LEG_LEG_G1,LEG_LEG_G1,COAL,NORTH,1985,824
LIMESTONE U2,LEG_LEG_G2,LEG_LEG_G2,COAL,NORTH,1986,836
MARTIN LAKE U1,MLSES_UNIT1,MLSES_UNIT1,COAL,NORTH,1977,815
MARTIN LAKE U2,MLSES_UNIT2,MLSES_UNIT2,COAL,NORTH,1978,820
MARTIN LAKE U3,MLSES_UNIT3,MLSES_UNIT3,COAL,NORTH,1979,820
OAK GROVE SES U1,OGSES_UNIT1A,OGSES_1,COAL,NORTH,2010,855
OAK GROVE SES U2,OGSES_UNIT2,OGSES_2,COAL,NORTH,2011,855
SAN MIGUEL U1,SANMIGL_G1,SAN_SANMIGG1,COAL,SOUTH,1982,391
SANDY CREEK U1,SCES_UNIT1,SCES_UNIT1,COAL,NORTH,2013,932.6
TWIN OAKS U1,TNP_ONE_TNP_O_1,TNP_TNP_O_1,COAL,NORTH,1990,155
TWIN OAKS U2,TNP_ONE_TNP_O_2,TNP_TNP_O_2,COAL,NORTH,1991,155
W A PARISH U5,WAP_WAP_G5,WAP_WAP_G5,COAL,HOUSTON,1977,664
W A PARISH U6,WAP_WAP_G6,WAP_WAP_G6,COAL,HOUSTON,1978,663
W A PARISH U7,WAP_WAP_G7,WAP_WAP_G7,COAL,HOUSTON,1980,577
W A PARISH U8,WAP_WAP_G8,WAP_WAP_G8,COAL,HOUSTON,1982,610
ARTHUR VON ROSENBERG 1 CTG 1,BRAUNIG_AVR1_CT1,BRA_AVR_CST1,GAS-CC,SOUTH,2000,164
ARTHUR VON ROSENBERG 1 CTG 2,BRAUNIG_AVR1_CT2,BRA_AVR1_CT2,GAS-CC,SOUTH,2000,164
ARTHUR VON ROSENBERG 1 STG,BRAUNIG_AVR1_ST,BRA_AVR_CST1,GAS-CC,SOUTH,2000,190
ATKINS CTG 7,ATKINS_ATKINSG7,ATK_ATKINSG7,GAS-GT,NORTH,1973,19
BARNEY M DAVIS CTG 3,B_DAVIS_B_DAVIG3,B_DAVIS_3,GAS-CC,COASTAL,2010,161
BARNEY M DAVIS CTG 4,B_DAVIS_B_DAVIG4,B_DAVIS_4,GAS-CC,COASTAL,2010,161
BARNEY M DAVIS STG 1,B_DAVIS_B_DAVIG1,B_D_B_DAVIG1,GAS-ST,COASTAL,1974,292
BARNEY M DAVIS STG 2,B_DAVIS_B_DAVIG2,B_D_B_DAVIG2,GAS-CC,COASTAL,1976,322
BASTROP ENERGY CENTER CTG 1,BASTEN_GTG1100,BASTEN_CCU,GAS-CC,SOUTH,2002,157
BASTROP ENERGY CENTER CTG 2,BASTEN_GTG2100,BASTEN_CCU,GAS-CC,SOUTH,2002,157
BASTROP ENERGY CENTER STG,BASTEN_ST0100,BASTEN_CCU,GAS-CC,SOUTH,2002,236
BOSQUE ENERGY CENTER CTG 1,BOSQUESW_BSQSU_1,BOSQ_BSQS_12,GAS-CC,NORTH,2000,160.5
BOSQUE ENERGY CENTER CTG 2,BOSQUESW_BSQSU_2,BOSQ_BSQS_12,GAS-CC,NORTH,2000,160.5
BOSQUE ENERGY CENTER CTG 3,BOSQUESW_BSQSU_3,BOSQ_BSQS_34,GAS-CC,NORTH,2001,159.5
BOSQUE ENERGY CENTER STG 4,BOSQUESW_BSQSU_4,BOSQ_BSQS_34,GAS-CC,NORTH,2001,83.3
BOSQUE ENERGY CENTER STG 5,BOSQUESW_BSQSU_5,BOSQ_BSQSU_5,GAS-CC,NORTH,2009,221.5
BRAZOS VALLEY CTG 1,BVE_UNIT1,BVE_UNIT1,GAS-CC,HOUSTON,2003,168
BRAZOS VALLEY CTG 2,BVE_UNIT2,BVE_UNIT2,GAS-CC,HOUSTON,2003,168
BRAZOS VALLEY STG 3,BVE_UNIT3,BVE_UNIT3,GAS-CC,HOUSTON,2003,270
CALENERGY-FALCON SEABOARD CTG 1,FLCNS_UNIT1,FLCNS_UNIT1,GAS-CC,WEST,1987,77
CALENERGY-FALCON SEABOARD CTG 2,FLCNS_UNIT2,FLCNS_UNIT2,GAS-CC,WEST,1987,77
CALENERGY-FALCON SEABOARD STG 3,FLCNS_UNIT3,FLCNS_UNIT3,GAS-CC,WEST,1988,71
CALHOUN (PORT COMFORT) CTG 1,CALHOUN_UNIT1,CALHOUN_ALL,GAS-GT,COASTAL,2017,46.5
CALHOUN (PORT COMFORT) CTG 2,CALHOUN_UNIT2,CALHOUN_ALL,GAS-GT,COASTAL,2017,46.5
CASTLEMAN CHAMON CTG 1,CHAMON_CTG_0101,CHAMON_UN1,GAS-GT,HOUSTON,2017,46.5
CASTLEMAN CHAMON CTG 2,CHAMON_CTG_0301,CHAMON_UN2,GAS-GT,HOUSTON,2017,46.5
CEDAR BAYOU 4 CTG 1,CBY4_CT41,CBY4_ALL,GAS-CC,HOUSTON,2009,168
CEDAR BAYOU 4 CTG 2,CBY4_CT42,CBY4_ALL,GAS-CC,HOUSTON,2009,168
CEDAR BAYOU 4 STG,CBY4_ST04,CBY4_ALL,GAS-CC,HOUSTON,2009,182
CEDAR BAYOU STG 1,CBY_CBY_G1,CBY_CBY_G1,GAS-ST,HOUSTON,1970,745
CEDAR BAYOU STG 2,CBY_CBY_G2,CBY_CBY_G2,GAS-ST,HOUSTON,1972,749
COLORADO BEND ENERGY CENTER CTG 1,CBEC_GT1,CBEC_ALL,GAS-CC,SOUTH,2007,83.9
COLORADO BEND ENERGY CENTER CTG 2,CBEC_GT2,CBEC_ALL,GAS-CC,SOUTH,2007,76.9
COLORADO BEND ENERGY CENTER CTG 3,CBEC_GT3,CBEC_ALL,GAS-CC,SOUTH,2008,82.9
COLORADO BEND ENERGY CENTER CTG 4,CBEC_GT4,CBEC_ALL,GAS-CC,SOUTH,2008,77.2
COLORADO BEND ENERGY CENTER STG 1,CBEC_STG1,CBEC_ALL,GAS-CC,SOUTH,2007,107
COLORADO BEND ENERGY CENTER STG 2,CBEC_STG2,CBEC_ALL,GAS-CC,SOUTH,2008,110
COLORADO BEND II CTG 7,CBECII_CT7,CBECII_CT7,GAS-CC,SOUTH,2017,332.5
COLORADO BEND II CTG 8,CBECII_CT8,CBECII_89,GAS-CC,SOUTH,2017,338.2
COLORADO BEND II STG 9,CBECII_STG9,CBECII_89,GAS-CC,SOUTH,2017,482.8
CVC CHANNELVIEW CTG 1,CVC_CVC_G1,CVC_CVCG1_5,GAS-CC,HOUSTON,2008,168
CVC CHANNELVIEW CTG 2,CVC_CVC_G2,CVC_CVC_G2,GAS-CC,HOUSTON,2008,163
CVC CHANNELVIEW CTG 3,CVC_CVC_G3,CVC_CVC_G3,GAS-CC,HOUSTON,2008,163
CVC CHANNELVIEW STG 5,CVC_CVC_G5,CVC_CVCG1_5,GAS-CC,HOUSTON,2008,128
DANSBY CTG 2,DANSBY_DANSBYG2,DANSBY_ALL,GAS-GT,NORTH,2004,46.5
DANSBY CTG 3,DANSBY_DANSBYG3,DANSBY_ALL,GAS-GT,NORTH,2010,48.5
DANSBY STG 1,DANSBY_DANSBYG1,DANSBY_ALL,GAS-ST,NORTH,1978,108.5
DECKER CREEK CTG 1,DECKER_DPGT_1,DECKER_GT,GAS-GT,SOUTH,1989,49
DECKER CREEK CTG 2,DECKER_DPGT_2,DECKER_GT,GAS-GT,SOUTH,1989,49
DECKER CREEK CTG 3,DECKER_DPGT_3,DECKER_GT,GAS-GT,SOUTH,1989,49
DECKER CREEK CTG 4,DECKER_DPGT_4,DECKER_GT,GAS-GT,SOUTH,1989,49
DECKER CREEK STG 2,DECKER_DPG2,DECKER_DPG2,GAS-ST,SOUTH,1978,420
DECORDOVA CTG 1,DCSES_CT10,DC2SES_ALL,GAS-GT,NORTH,1990,72
DECORDOVA CTG 2,DCSES_CT20,DC2SES_ALL,GAS-GT,NORTH,1990,71
DECORDOVA CTG 3,DCSES_CT30,DC2SES_ALL,GAS-GT,NORTH,1990,70
DECORDOVA CTG 4,DCSES_CT40,DC2SES_ALL,GAS-GT,NORTH,1990,71
DEER PARK ENERGY CENTER CTG 1,DDPEC_GT1,DDPEC_GT1,GAS-CC,HOUSTON,2002,194
DEER PARK ENERGY CENTER CTG 2,DDPEC_GT2,DDPEC_GT2,GAS-CC,HOUSTON,2002,206
DEER PARK ENERGY CENTER CTG 3,DDPEC_GT3,DDPEC_GT3,GAS-CC,HOUSTON,2002,194
DEER PARK ENERGY CENTER CTG 4,DDPEC_GT4,DDPEC_GT4,GAS-CC,HOUSTON,2002,206
DEER PARK ENERGY CENTER CTG 6,DDPEC_GT6,DDPEC_GT6,GAS-CC,HOUSTON,2014,179
DEER PARK ENERGY CENTER STG 1,DDPEC_ST1,DDPEC_ST1,GAS-CC,HOUSTON,2002,290
DENTON ENERGY CENTER IC A,DEC_AGR_A,RN_DEC_AGR_A,GAS-IC,NORTH,2018,56.5
DENTON ENERGY CENTER IC B,DEC_AGR_B,RN_DEC_AGR_B,GAS-IC,NORTH,2018,56.5
DENTON ENERGY CENTER IC C,DEC_AGR_C,RN_DEC_AGR_C,GAS-IC,NORTH,2018,56.5
DENTON ENERGY CENTER IC D,DEC_AGR_D,RN_DEC_AGR_D,GAS-IC,NORTH,2018,56.5
ECTOR COUNTY ENERGY CTG 1,ECEC_G1,RN_ECEC_HOLT,GAS-GT,WEST,2015,153.6
ECTOR COUNTY ENERGY CTG 2,ECEC_G2,RN_ECEC_HOLT,GAS-GT,WEST,2015,153.6
ELK STATION IC 3,AEEC_ELK_3,AEEC,GAS-IC,PANHANDLE,2016,195
ENNIS POWER STATION CTG 2,ETCCS_CT1,ETCCS_CCU,GAS-CC,NORTH,2002,212
ENNIS POWER STATION STG 1,ETCCS_UNIT1,ETCCS_CCU,GAS-CC,NORTH,2002,117
EXTEX LAPORTE GEN STN CTG 1,AZ_AZ_G1,AZ_ALL,GAS-GT,HOUSTON,2009,38
EXTEX LAPORTE GEN STN CTG 2,AZ_AZ_G2,AZ_ALL,GAS-GT,HOUSTON,2009,38
EXTEX LAPORTE GEN STN CTG 3,AZ_AZ_G3,AZ_ALL,GAS-GT,HOUSTON,2009,38
EXTEX LAPORTE GEN STN CTG 4,AZ_AZ_G4,AZ_ALL,GAS-GT,HOUSTON,2009,38
FERGUSON REPLACEMENT CTG 1,FERGCC_FERGGT1,FERGCC_GT1_1,GAS-CC,SOUTH,2014,173
FERGUSON REPLACEMENT CTG 2,FERGCC_FERGGT2,FERGCC_GT2_3,GAS-CC,SOUTH,2014,173
FERGUSON REPLACEMENT STG 1,FERGCC_FERGST1,FERGCC_ST1_5,GAS-CC,SOUTH,2014,186
FORNEY ENERGY CENTER CTG 11,FRNYPP_GT11,FRNYPP_1_CCU,GAS-CC,NORTH,2003,169
FORNEY ENERGY CENTER CTG 12,FRNYPP_GT12,FRNYPP_1_CCU,GAS-CC,NORTH,2003,161
FORNEY ENERGY CENTER CTG 13,FRNYPP_GT13,FRNYPP_1_CCU,GAS-CC,NORTH,2003,161
FORNEY ENERGY CENTER CTG 21,FRNYPP_GT21,FRNYPP_2_CCU,GAS-CC,NORTH,2003,169
FORNEY ENERGY CENTER CTG 22,FRNYPP_GT22,FRNYPP_2_CCU,GAS-CC,NORTH,2003,161
FORNEY ENERGY CENTER CTG 23,FRNYPP_GT23,FRNYPP_2_CCU,GAS-CC,NORTH,2003,161
FORNEY ENERGY CENTER STG 10,FRNYPP_ST10,FRNYPP_1_CCU,GAS-CC,NORTH,2003,409
FORNEY ENERGY CENTER STG 20,FRNYPP_ST20,FRNYPP_2_CCU,GAS-CC,NORTH,2003,409
FREESTONE ENERGY CENTER CTG 1,FREC_GT1,FREC_1_CCU,GAS-CC,NORTH,2002,155.2
FREESTONE ENERGY CENTER CTG 2,FREC_GT2,FREC_1_CCU,GAS-CC,NORTH,2002,155.2
FREESTONE ENERGY CENTER CTG 4,FREC_GT4,FREC_2_CCU,GAS-CC,NORTH,2002,155.4
FREESTONE ENERGY CENTER CTG 5,FREC_GT5,FREC_2_CCU,GAS-CC,NORTH,2002,155.4
FREESTONE ENERGY CENTER STG 3,FREC_ST3,FREC_1_CCU,GAS-CC,NORTH,2002,177.6
FREESTONE ENERGY CENTER STG 6,FREC_ST6,FREC_2_CCU,GAS-CC,NORTH,2002,176.5
FRIENDSWOOD G CTG 1 (FORMERLY TEJAS POWER GENERATION),FEGC_UNIT1,FEGC_RN,GAS-GT,HOUSTON,2018,119
GRAHAM STG 1,GRSES_UNIT1,GRSES_UNIT1,GAS-ST,WEST,1960,234
GRAHAM STG 2,GRSES_UNIT2,GRSES_UNIT2,GAS-ST,WEST,1969,390
GREENS BAYOU CTG 73,GBY_GBYGT73,GBY_GT,GAS-GT,HOUSTON,1976,57
GREENS BAYOU CTG 74,GBY_GBYGT74,GBY_GT,GAS-GT,HOUSTON,1976,57
GREENS BAYOU CTG 81,GBY_GBYGT81,GBY_GT,GAS-GT,HOUSTON,1976,57
GREENS BAYOU CTG 82,GBY_GBYGT82,GBY_GT,GAS-GT,HOUSTON,1976,50
GREENS BAYOU CTG 83,GBY_GBYGT83,GBY_GT,GAS-GT,HOUSTON,1976,57
GREENS BAYOU CTG 84,GBY_GBYGT84,GBY_GT,GAS-GT,HOUSTON,1976,57
GREENVILLE IC ENGINE PLANT IC 1,STEAM_ENGINE_1,STEAM_ENG123,GAS-IC,NORTH,2010,8.2
GREENVILLE IC ENGINE PLANT IC 2,STEAM_ENGINE_2,STEAM_ENG123,GAS-IC,NORTH,2010,8.2
GREENVILLE IC ENGINE PLANT IC 3,STEAM_ENGINE_3,STEAM_ENG123,GAS-IC,NORTH,2010,8.2
GUADALUPE ENERGY CENTER CTG 1,GUADG_GAS1,GUADG_CCU1,GAS-CC,SOUTH,2000,158
GUADALUPE ENERGY CENTER CTG 2,GUADG_GAS2,GUADG_CCU1,GAS-CC,SOUTH,2000,158
GUADALUPE ENERGY CENTER CTG 3,GUADG_GAS3,GUADG_CCU2,GAS-CC,SOUTH,2000,158
GUADALUPE ENERGY CENTER CTG 4,GUADG_GAS4,GUADG_CCU2,GAS-CC,SOUTH,2000,158
GUADALUPE ENERGY CENTER STG 5,GUADG_STM5,GUADG_CCU1,GAS-CC,SOUTH,2000,200
GUADALUPE ENERGY CENTER STG 6,GUADG_STM6,GUADG_CCU2,GAS-CC,SOUTH,2000,200
HANDLEY STG 3,HLSES_UNIT3,HLSES_UNIT3,GAS-ST,NORTH,1963,395
HANDLEY STG 4,HLSES_UNIT4,HLSES_UNIT4,GAS-ST,NORTH,1976,435
HANDLEY STG 5,HLSES_UNIT5,HLSES_UNIT5,GAS-ST,NORTH,1977,435
HAYS ENERGY FACILITY CSG 1,HAYSEN_HAYSENG1,HAYSEN1_2,GAS-CC,SOUTH,2002,214
HAYS ENERGY FACILITY CSG 2,HAYSEN_HAYSENG2,HAYSEN1_2,GAS-CC,SOUTH,2002,216
HAYS ENERGY FACILITY CSG 3,HAYSEN_HAYSENG3,HAYSEN3_4,GAS-CC,SOUTH,2002,215
HAYS ENERGY FACILITY CSG 4,HAYSEN_HAYSENG4,HAYSEN3_4,GAS-CC,SOUTH,2002,218
HIDALGO ENERGY CENTER CTG 1,DUKE_DUKE_GT1,DUKE_GST1CCU,GAS-CC,SOUTH,2000,145
HIDALGO ENERGY CENTER CTG 2,DUKE_DUKE_GT2,DUKE_GT2_CCU,GAS-CC,SOUTH,2000,145
HIDALGO ENERGY CENTER STG 1,DUKE_DUKE_ST1,DUKE_GST1CCU,GAS-CC,SOUTH,2000,173
JACK COUNTY GEN FACILITY CTG 1,JACKCNTY_CT1,JACKCNTY_CT1,GAS-CC,NORTH,2006,150
JACK COUNTY GEN FACILITY CTG 2,JACKCNTY_CT2,JACKCNTY_CT2,GAS-CC,NORTH,2006,150
JACK COUNTY GEN FACILITY CTG 3,JCKCNTY2_CT3,JCKCNTY2_CT3,GAS-CC,NORTH,2011,150
JACK COUNTY GEN FACILITY CTG 4,JCKCNTY2_CT4,JCKCNTY2_CT4,GAS-CC,NORTH,2011,150
JACK COUNTY GEN FACILITY STG 1,JACKCNTY_STG,JACKCNTY_STG,GAS-CC,NORTH,2006,285
JACK COUNTY GEN FACILITY STG 2,JCKCNTY2_ST2,JCKCNTY2_ST2,GAS-CC,NORTH,2011,285
JOHNSON COUNTY GEN FACILITY CTG 1,TEN_CT1,TEN_CT1_STG,GAS-CC,NORTH,1997,163
JOHNSON COUNTY GEN FACILITY STG 1,TEN_STG,TEN_CT1_STG,GAS-CC,NORTH,1997,106
LAKE HUBBARD STG 1,LHSES_UNIT1,LHSES_UNIT1,GAS-ST,NORTH,1970,392
LAKE HUBBARD STG 2,LHSES_UNIT2A,LHSES_UNIT2,GAS-ST,NORTH,1973,523
LAMAR ENERGY CENTER CTG 11,LPCCS_CT11,LPCCS_CT11,GAS-CC,NORTH,2000,161
LAMAR ENERGY CENTER CTG 12,LPCCS_CT12,LPCCS_CT12,GAS-CC,NORTH,2000,153
LAMAR ENERGY CENTER CTG 21,LPCCS_CT21,LPCCS_CT21,GAS-CC,NORTH,2000,153
LAMAR ENERGY CENTER CTG 22,LPCCS_CT22,LPCCS_CT22,GAS-CC,NORTH,2000,161
LAMAR ENERGY CENTER STG 1,LPCCS_UNIT1,LPCCS_UNIT1,GAS-CC,NORTH,2000,204
LAMAR ENERGY CENTER STG 2,LPCCS_UNIT2,LPCCS_UNIT2,GAS-CC,NORTH,2000,204
LAREDO CTG 4,LARDVFTN_G4,LARDVFTN_G4,GAS-GT,SOUTH,2008,93
LAREDO CTG 5,LARDVFTN_G5,LARDVFTN_G5,GAS-GT,SOUTH,2008,90.2
LEON CREEK PEAKER CTG 1,LEON_CRK_LCPCT1,LEONLCPCT1_2,GAS-GT,SOUTH,2004,46
LEON CREEK PEAKER CTG 2,LEON_CRK_LCPCT2,LEONLCPCT1_2,GAS-GT,SOUTH,2004,46
LEON CREEK PEAKER CTG 3,LEON_CRK_LCPCT3,LEONLCPCT3_4,GAS-GT,SOUTH,2004,46
LEON CREEK PEAKER CTG 4,LEON_CRK_LCPCT4,LEONLCPCT3_4,GAS-GT,SOUTH,2004,46
LOST PINES POWER CTG 1,LOSTPI_LOSTPGT1,LOS_LOSTPGT1,GAS-CC,SOUTH,2001,178
LOST PINES POWER CTG 2,LOSTPI_LOSTPGT2,LOS_LOSTPGT2,GAS-CC,SOUTH,2001,172
LOST PINES POWER STG 1,LOSTPI_LOSTPST1,LOS_LOSTPST1,GAS-CC,SOUTH,2001,188
MAGIC VALLEY STATION CTG 1,NEDIN_NEDIN_G1,NED_NEDIN_G1,GAS-CC,SOUTH,2001,212.5
MAGIC VALLEY STATION CTG 2,NEDIN_NEDIN_G2,NED_NEDIN_G2,GAS-CC,SOUTH,2001,212.5
MAGIC VALLEY STATION STG 3,NEDIN_NEDIN_G3,NED_NEDIN_G3,GAS-CC,SOUTH,2001,254.9
MIDLOTHIAN ENERGY FACILITY CTG 1,MDANP_CT1,MDANP_CT1_2,GAS-CC,NORTH,2001,233
MIDLOTHIAN ENERGY FACILITY CTG 2,MDANP_CT2,MDANP_CT1_2,GAS-CC,NORTH,2001,231
MIDLOTHIAN ENERGY FACILITY CTG 3,MDANP_CT3,MDANP_CT3_4,GAS-CC,NORTH,2001,230
MIDLOTHIAN ENERGY FACILITY CTG 4,MDANP_CT4,MDANP_CT3_4,GAS-CC,NORTH,2001,233
MIDLOTHIAN ENERGY FACILITY CTG 5,MDANP_CT5,MDANP_CT5_6,GAS-CC,NORTH,2002,245
MIDLOTHIAN ENERGY FACILITY CTG 6,MDANP_CT6,MDANP_CT5_6,GAS-CC,NORTH,2002,247
MORGAN CREEK CTG 1,MGSES_CT1,MGSES_CT123,GAS-GT,WEST,1988,68
MORGAN CREEK CTG 2,MGSES_CT2,MGSES_CT123,GAS-GT,WEST,1988,67
MORGAN CREEK CTG 3,MGSES_CT3,MGSES_CT123,GAS-GT,WEST,1988,67
MORGAN CREEK CTG 4,MGSES_CT4,MGSES_CT456,GAS-GT,WEST,1988,68
MORGAN CREEK CTG 5,MGSES_CT5,MGSES_CT456,GAS-GT,WEST,1988,69
MORGAN CREEK CTG 6,MGSES_CT6,MGSES_CT456,GAS-GT,WEST,1988,69
MOUNTAIN CREEK STG 6,MCSES_UNIT6,MCSES_UNIT6,GAS-ST,NORTH,1956,122
MOUNTAIN CREEK STG 7,MCSES_UNIT7,MCSES_UNIT7,GAS-ST,NORTH,1958,118
MOUNTAIN CREEK STG 8,MCSES_UNIT8,MCSES_UNIT8,GAS-ST,NORTH,1967,568
NUECES BAY REPOWER CTG 8,NUECES_B_NUECESG8,NUE_NUECESG8,GAS-CC,COASTAL,2010,161
NUECES BAY REPOWER CTG 9,NUECES_B_NUECESG9,NUE_NUECESG9,GAS-CC,COASTAL,2010,161
NUECES BAY REPOWER STG 7,NUECES_B_NUECESG7,NUE_NUECESG7,GAS-CC,COASTAL,1972,322
O W SOMMERS STG 1,CALAVERS_OWS1,CALAVER_OWS1,GAS-ST,SOUTH,1972,420
O W SOMMERS STG 2,CALAVERS_OWS2,CALAVER_OWS2,GAS-ST,SOUTH,1974,410
ODESSA-ECTOR POWER CTG 11,OECCS_CT11,OECCS_1,GAS-CC,WEST,2001,167.5
ODESSA-ECTOR POWER CTG 12,OECCS_CT12,OECCS_1,GAS-CC,WEST,2001,159
ODESSA-ECTOR POWER CTG 21,OECCS_CT21,OECCS_2,GAS-CC,WEST,2001,167.5
ODESSA-ECTOR POWER CTG 22,OECCS_CT22,OECCS_2,GAS-CC,WEST,2001,159
ODESSA-ECTOR POWER STG 1,OECCS_UNIT1,OECCS_1,GAS-CC,WEST,2001,207.2
ODESSA-ECTOR POWER STG 2,OECCS_UNIT2,OECCS_2,GAS-CC,WEST,2001,207.2
PANDA SHERMAN POWER CTG 1,PANDA_S_SHER1CT1,PANDA_S_CT1,GAS-CC,NORTH,2014,217
PANDA SHERMAN POWER CTG 2,PANDA_S_SHER1CT2,PANDA_S_CT2,GAS-CC,NORTH,2014,216
PANDA SHERMAN POWER STG 1,PANDA_S_SHER1ST1,PANDA_S_ST1,GAS-CC,NORTH,2014,307
PANDA TEMPLE I POWER CTG 1,PANDA_T1_TMPL1CT1,PANDA_T1_CT1,GAS-CC,NORTH,2014,218.5
PANDA TEMPLE I POWER CTG 2,PANDA_T1_TMPL1CT2,PANDA_T1_CT2,GAS-CC,NORTH,2014,218.5
PANDA TEMPLE I POWER STG 1,PANDA_T1_TMPL1ST1,PANDA_T1_ST1,GAS-CC,NORTH,2014,353.1
PANDA TEMPLE II POWER CTG 1,PANDA_T2_TMPL2CT1,PANDA_T2_CT1,GAS-CC,NORTH,2015,218.5
PANDA TEMPLE II POWER CTG 2,PANDA_T2_TMPL2CT2,PANDA_T2_CT2,GAS-CC,NORTH,2015,218.5
PANDA TEMPLE II POWER STG 1,PANDA_T2_TMPL2ST1,PANDA_T2_ST1,GAS-CC,NORTH,2015,353.1
PARIS ENERGY CENTER CTG 1,TNSKA_GT1,TNSKA_CCU,GAS-CC,NORTH,1989,86
PARIS ENERGY CENTER CTG 2,TNSKA_GT2,TNSKA_CCU,GAS-CC,NORTH,1989,86
PARIS ENERGY CENTER STG 1,TNSKA_STG,TNSKA_CCU,GAS-CC,NORTH,1990,87
PASADENA COGEN FACILITY CTG 2,PSG_PSG_GT2,PSG_PSG_GT2,GAS-CC,HOUSTON,2000,168
PASADENA COGEN FACILITY CTG 3,PSG_PSG_GT3,PSG_PSG_GT3,GAS-CC,HOUSTON,2000,168
PASADENA COGEN FACILITY STG 2,PSG_PSG_ST2,PSG_PSG_ST1,GAS-CC,HOUSTON,2000,168
PEARSALL ENGINE PLANT IC A,PEARSAL2_AGR_A,PEARSA_1_24,GAS-IC,SOUTH,2012,50.6
PEARSALL ENGINE PLANT IC B,PEARSAL2_AGR_B,PEARSA_1_24,GAS-IC,SOUTH,2012,50.6
PEARSALL ENGINE PLANT IC C,PEARSAL2_AGR_C,PEARSA_1_24,GAS-IC,SOUTH,2012,50.6
PEARSALL ENGINE PLANT IC D,PEARSAL2_AGR_D,PEARSA_1_24,GAS-IC,SOUTH,2012,50.6
PERMIAN BASIN CTG 1,PB2SES_CT1,PB2SES_CT1,GAS-GT,WEST,1988,64
PERMIAN BASIN CTG 2,PB2SES_CT2,PB2SES_CT2,GAS-GT,WEST,1988,66
PERMIAN BASIN CTG 3,PB2SES_CT3,PB2SES_CT3,GAS-GT,WEST,1988,65
PERMIAN BASIN CTG 4,PB2SES_CT4,PB2SES_CT4,GAS-GT,WEST,1990,65
PERMIAN BASIN CTG 5,PB2SES_CT5,PB2SES_CT5,GAS-GT,WEST,1990,66
PES 1 POWER PLANT CTG 1,PES1_UNIT1,PES1_RN,GAS-GT,HOUSTON,2021,45.4
PES 1 POWER PLANT CTG 2,PES1_UNIT2,PES1_RN,GAS-GT,HOUSTON,2021,45.4
PES 1 POWER PLANT CTG 3,PES1_UNIT3,PES1_RN,GAS-GT,HOUSTON,2021,45.4
PES 1 POWER PLANT CTG 4,PES1_UNIT4,PES1_RN,GAS-GT,HOUSTON,2021,45.4
PES 1 POWER PLANT CTG 5,PES1_UNIT5,PES1_RN,GAS-GT,HOUSTON,2021,45.4
PES 1 POWER PLANT CTG 6,PES1_UNIT6,PES1_RN,GAS-GT,HOUSTON,2021,45.4
PHR PEAKERS (BAC) CTG 1,BAC_CTG1,BAC_RN_ALL,GAS-GT,HOUSTON,2018,61
PHR PEAKERS (BAC) CTG 2,BAC_CTG2,BAC_RN_ALL,GAS-GT,HOUSTON,2018,62
PHR PEAKERS (BAC) CTG 3,BAC_CTG3,BAC_RN_ALL,GAS-GT,HOUSTON,2018,52
PHR PEAKERS (BAC) CTG 4,BAC_CTG4,BAC_RN_ALL,GAS-GT,HOUSTON,2018,56
PHR PEAKERS (BAC) CTG 5,BAC_CTG5,BAC_RN_ALL,GAS-GT,HOUSTON,2018,56
PHR PEAKERS (BAC) CTG 6,BAC_CTG6,BAC_RN_ALL,GAS-GT,HOUSTON,2018,55
POWERLANE PLANT STG 1,STEAM1A_STEAM_1,STEA_STEAM_1,GAS-ST,NORTH,1966,17.5
POWERLANE PLANT STG 2,STEAM_STEAM_2,STEA_STEAM_2,GAS-ST,NORTH,1967,23.5
POWERLANE PLANT STG 3,STEAM_STEAM_3,STEA_STEAM_3,GAS-ST,NORTH,1978,39.5
QUAIL RUN ENERGY CTG 1,QALSW_GT1,QALSW_ALL,GAS-CC,WEST,2007,81
QUAIL RUN ENERGY CTG 2,QALSW_GT2,QALSW_ALL,GAS-CC,WEST,2007,81
QUAIL RUN ENERGY CTG 3,QALSW_GT3,QALSW_ALL,GAS-CC,WEST,2008,80
QUAIL RUN ENERGY CTG 4,QALSW_GT4,QALSW_ALL,GAS-CC,WEST,2008,80
QUAIL RUN ENERGY STG 1,QALSW_STG1,QALSW_ALL,GAS-CC,WEST,2007,98
QUAIL RUN ENERGY STG 2,QALSW_STG2,QALSW_ALL,GAS-CC,WEST,2008,98
R W MILLER CTG 4,MIL_MILLERG4,MIL_MILG345,GAS-GT,NORTH,1994,104
R W MILLER CTG 5,MIL_MILLERG5,MIL_MILG345,GAS-GT,NORTH,1994,104
R W MILLER STG 1,MIL_MILLERG1,MIL_MILG1_2,GAS-ST,NORTH,1968,75
R W MILLER STG 2,MIL_MILLERG2,MIL_MILG1_2,GAS-ST,NORTH,1972,120
R W MILLER STG 3,MIL_MILLERG3,MIL_MILG345,GAS-ST,NORTH,1975,208
RAY OLINGER CTG 4,OLINGR_OLING_4,OLIN_OLING_4,GAS-GT,NORTH,2001,95
RAY OLINGER STG 1,OLINGR_OLING_1,OLIN_OLING_1,GAS-ST,NORTH,1967,78
RAY OLINGER STG 2,OLINGR_OLING_2,OLIN_OLING_2,GAS-ST,NORTH,1971,107
RAY OLINGER STG 3,OLINGR_OLING_3,OLIN_OLING_3,GAS-ST,NORTH,1975,146
REDGATE IC A,REDGATE_AGR_A,REDGATE_ALL,GAS-IC,SOUTH,2016,56.3
REDGATE IC B,REDGATE_AGR_B,REDGATE_ALL,GAS-IC,SOUTH,2016,56.3
REDGATE IC C,REDGATE_AGR_C,REDGATE_ALL,GAS-IC,SOUTH,2016,56.3
REDGATE IC D,REDGATE_AGR_D,REDGATE_ALL,GAS-IC,SOUTH,2016,56.3
RIO NOGALES POWER CTG 1,RIONOG_CT1,RIONOG_CT1,GAS-CC,SOUTH,2002,164
RIO NOGALES POWER CTG 2,RIONOG_CT2,RIONOG_CT2,GAS-CC,SOUTH,2002,164
RIO NOGALES POWER CTG 3,RIONOG_CT3,RIONOG_CT3,GAS-CC,SOUTH,2002,164
RIO NOGALES POWER STG 4,RIONOG_ST1,RIONOG_ST1,GAS-CC,SOUTH,2002,307
SAM RAYBURN POWER CTG 7,RAYBURN_RAYBURG7,RAYB_G78910,GAS-CC,SOUTH,2003,50
SAM RAYBURN POWER CTG 8,RAYBURN_RAYBURG8,RAYB_G78910,GAS-CC,SOUTH,2003,51
SAM RAYBURN POWER CTG 9,RAYBURN_RAYBURG9,RAYB_G78910,GAS-CC,SOUTH,2003,50
SAM RAYBURN POWER STG 10,RAYBURN_RAYBURG10,RAYB_G78910,GAS-CC,SOUTH,2003,40
SAN JACINTO SES CTG 1,SJS_SJS_G1,SJS_SJS_G1,GAS-GT,HOUSTON,1995,83
SAN JACINTO SES CTG 2,SJS_SJS_G2,SJS_SJS_G2,GAS-GT,HOUSTON,1995,83
SANDHILL ENERGY CENTER CTG 1,SANDHSYD_SH1,SANDHSYD1_2,GAS-GT,SOUTH,2001,47
SANDHILL ENERGY CENTER CTG 2,SANDHSYD_SH2,SANDHSYD1_2,GAS-GT,SOUTH,2001,47
SANDHILL ENERGY CENTER CTG 3,SANDHSYD_SH3,SANDHSYD3_4,GAS-GT,SOUTH,2001,47
SANDHILL ENERGY CENTER CTG 4,SANDHSYD_SH4,SANDHSYD3_4,GAS-GT,SOUTH,2001,47
SANDHILL ENERGY CENTER CTG 5A,SANDHSYD_SH_5A,SANDHSYD_5AC,GAS-CC,SOUTH,2004,151
SANDHILL ENERGY CENTER CTG 6,SANDHSYD_SH6,SANDHSYD6_7,GAS-GT,SOUTH,2010,47
SANDHILL ENERGY CENTER CTG 7,SANDHSYD_SH7,SANDHSYD6_7,GAS-GT,SOUTH,2010,47
SANDHILL ENERGY CENTER STG 5C,SANDHSYD_SH_5C,SANDHSYD_5AC,GAS-CC,SOUTH,2004,148
SILAS RAY CTG 10,SILASRAY_SILAS_10,SIL_SILAS_10,GAS-GT,COASTAL,2004,46
SILAS RAY POWER CTG 9,SILASRAY_SILAS_9,SIL_SILAS_9,GAS-CC,COASTAL,1996,38
SILAS RAY POWER STG 6,SILASRAY_SILAS_6,SIL_SILAS_6,GAS-CC,COASTAL,1962,20
SIM GIDEON STG 1,GIDEON_GIDEONG1,GID_GIDEONG1,GAS-ST,SOUTH,1965,130
SIM GIDEON STG 2,GIDEON_GIDEONG2,GID_GIDEONG2,GAS-ST,SOUTH,1968,135
SIM GIDEON STG 3,GIDEON_GIDEONG3,GID_GIDEONG3,GAS-ST,SOUTH,1972,336
SKY GLOBAL POWER ONE IC A,SKY1_SKY1A,SKY1,GAS-IC,SOUTH,2016,26.7
SKY GLOBAL POWER ONE IC B,SKY1_SKY1B,SKY1,GAS-IC,SOUTH,2016,26.7
STRYKER CREEK STG 1,SCSES_UNIT1A,SC2SES_UNIT1,GAS-ST,NORTH,1958,167
STRYKER CREEK STG 2,SCSES_UNIT2,SCSES_UNIT2,GAS-ST,NORTH,1965,502
T H WHARTON CTG 1,THW_THWGT_1,THW_THWGT_1,GAS-GT,HOUSTON,1967,14
T H WHARTON POWER CTG 31,THW_THWGT31,THW_1_CCU,GAS-CC,HOUSTON,1972,56
T H WHARTON POWER CTG 32,THW_THWGT32,THW_1_CCU,GAS-CC,HOUSTON,1972,56
T H WHARTON POWER CTG 33,THW_THWGT33,THW_1_CCU,GAS-CC,HOUSTON,1972,56
T H WHARTON POWER CTG 34,THW_THWGT34,THW_1_CCU,GAS-CC,HOUSTON,1972,56
T H WHARTON POWER CTG 41,THW_THWGT41,THW_2_CCU,GAS-CC,HOUSTON,1972,56
T H WHARTON POWER CTG 42,THW_THWGT42,THW_2_CCU,GAS-CC,HOUSTON,1972,56
T H WHARTON POWER CTG 43,THW_THWGT43,THW_2_CCU,GAS-CC,HOUSTON,1974,56
T H WHARTON POWER CTG 44,THW_THWGT44,THW_2_CCU,GAS-CC,HOUSTON,1974,56
T H WHARTON POWER CTG 51,THW_THWGT51,THW_THWGT5X,GAS-GT,HOUSTON,1975,57
T H WHARTON POWER CTG 52,THW_THWGT52,THW_THWGT5X,GAS-GT,HOUSTON,1975,57
T H WHARTON POWER CTG 53,THW_THWGT53,THW_THWGT5X,GAS-GT,HOUSTON,1975,57
T H WHARTON POWER CTG 54,THW_THWGT54,THW_THWGT5X,GAS-GT,HOUSTON,1975,57
T H WHARTON POWER CTG 55,THW_THWGT55,THW_THWGT5X,GAS-GT,HOUSTON,1975,57
T H WHARTON POWER CTG 56,THW_THWGT56,THW_THWGT5X,GAS-GT,HOUSTON,1975,57
T H WHARTON POWER STG 3,THW_THWST_3,THW_1_CCU,GAS-CC,HOUSTON,1974,110
T H WHARTON POWER STG 4,THW_THWST_4,THW_2_CCU,GAS-CC,HOUSTON,1974,110
TEXAS CITY POWER CTG A,TXCTY_CTA,TXCTY_CTA,GAS-CC,HOUSTON,2000,99.1
TEXAS CITY POWER CTG B,TXCTY_CTB,TXCTY_CTB,GAS-CC,HOUSTON,2000,99.1
TEXAS CITY POWER CTG C,TXCTY_CTC,TXCTY_CTC,GAS-CC,HOUSTON,2000,99.1
TEXAS CITY POWER STG,TXCTY_ST,TXCTY_ST,GAS-CC,HOUSTON,2000,131.5
TRINIDAD STG 6,TRSES_UNIT6,TRSES_UNIT6,GAS-ST,NORTH,1965,235
V H BRAUNIG CTG 5,BRAUNIG_VHB6CT5,BR_VHB6CT5_6,GAS-GT,SOUTH,2009,48
V H BRAUNIG CTG 6,BRAUNIG_VHB6CT6,BR_VHB6CT5_6,GAS-GT,SOUTH,2009,48
V H BRAUNIG CTG 7,BRAUNIG_VHB6CT7,BR_VHB6CT7_8,GAS-GT,SOUTH,2009,48
V H BRAUNIG CTG 8,BRAUNIG_VHB6CT8,BR_VHB6CT7_8,GAS-GT,SOUTH,2009,47
V H BRAUNIG STG 1,BRAUNIG_VHB1,BRAUNIG_VHB1,GAS-ST,SOUTH,1966,217
V H BRAUNIG STG 2,BRAUNIG_VHB2,BRAUNIG_VHB2,GAS-ST,SOUTH,1968,230
V H BRAUNIG STG 3,BRAUNIG_VHB3,BRAUNIG_VHB3,GAS-ST,SOUTH,1970,412
VICTORIA CITY (CITYVICT) CTG 1,CITYVICT_CTG01,CITYVICT_ALL,GAS-GT,SOUTH,2020,46.5
VICTORIA CITY (CITYVICT) CTG 2,CITYVICT_CTG02,CITYVICT_ALL,GAS-GT,SOUTH,2020,46.5
VICTORIA PORT (VICTPORT) CTG 1,VICTPORT_CTG01,VICTPORT_RN,GAS-GT,SOUTH,2019,46.5
VICTORIA PORT (VICTPORT) CTG 2,VICTPORT_CTG02,VICTPORT_RN,GAS-GT,SOUTH,2019,46.5
VICTORIA POWER CTG 6,VICTORIA_VICTORG6,VIC_VICTORG6,GAS-CC,SOUTH,2009,171
VICTORIA POWER STG 5,VICTORIA_VICTORG5,VIC_VICTORG5,GAS-CC,SOUTH,2009,132
W A PARISH CTG 1,WAP_WAPGT_1,WAP_WAPGT_1,GAS-GT,HOUSTON,1967,13
W A PARISH STG 1,WAP_WAP_G1,WAP_WAP_G1,GAS-ST,HOUSTON,1958,169
W A PARISH STG 2,WAP_WAP_G2,WAP_WAP_G2,GAS-ST,HOUSTON,1958,169
W A PARISH STG 3,WAP_WAP_G3,WAP_WAP_G3,GAS-ST,HOUSTON,1961,246
W A PARISH STG 4,WAP_WAP_G4,WAP_WAP_G4,GAS-ST,HOUSTON,1968,536
WICHITA FALLS CTG 1,WFCOGEN_UNIT1,WFCOGEN_13,GAS-CC,WEST,1987,20
WICHITA FALLS CTG 2,WFCOGEN_UNIT2,WFCOGEN_24,GAS-CC,WEST,1987,20
WICHITA FALLS CTG 3,WFCOGEN_UNIT3,WFCOGEN_13,GAS-CC,WEST,1987,20
WICHITA FALLS STG 4,WFCOGEN_UNIT4,WFCOGEN_24,GAS-CC,WEST,1987,17
WINCHESTER POWER PARK CTG 1,WIPOPA_WPP_G1,WIPOPA_1_2,GAS-GT,SOUTH,2009,44
WINCHESTER POWER PARK CTG 2,WIPOPA_WPP_G2,WIPOPA_1_2,GAS-GT,SOUTH,2009,44
WINCHESTER POWER PARK CTG 3,WIPOPA_WPP_G3,WIPOPA_3_4,GAS-GT,SOUTH,2009,44
WINCHESTER POWER PARK CTG 4,WIPOPA_WPP_G4,WIPOPA_3_4,GAS-GT,SOUTH,2009,44
WISE-TRACTEBEL POWER CTG 1,WCPP_CT1,WCPP_CT1,GAS-CC,NORTH,2004,245.4
WISE-TRACTEBEL POWER CTG 2,WCPP_CT2,WCPP_CT2,GAS-CC,NORTH,2004,245.4
WISE-TRACTEBEL POWER STG 1,WCPP_ST1,WCPP_ST1,GAS-CC,NORTH,2004,298
WOLF HOLLOW 2 CTG 4,WHCCS2_CT4,WHCCS2_4,GAS-CC,NORTH,2017,330.8
WOLF HOLLOW 2 CTG 5,WHCCS2_CT5,WHCCS2_5_6,GAS-CC,NORTH,2017,331.3
WOLF HOLLOW 2 STG 6,WHCCS2_STG6,WHCCS2_5_6,GAS-CC,NORTH,2017,470.8
WOLF HOLLOW POWER CTG 1,WHCCS_CT1,WHCCS_CT1_ST,GAS-CC,NORTH,2002,245.3
WOLF HOLLOW POWER CTG 2,WHCCS_CT2,WHCCS_CT2,GAS-CC,NORTH,2002,245.3
WOLF HOLLOW POWER STG,WHCCS_STG,WHCCS_CT1_ST,GAS-CC,NORTH,2002,270
BIOENERGY AUSTIN WALZEM RD LFG,DG_WALZE_4UNITS,#N/A,BIOMASS,SOUTH,2002,9.8
BIOENERGY TEXAS COVEL GARDENS LFG,DG_MEDIN_1UNIT,#N/A,BIOMASS,SOUTH,2005,9.6
FARMERS BRANCH LANDFILL GAS TO ENERGY,DG_HBR_2UNITS,#N/A,BIOMASS,NORTH,2011,3.2
GRAND PRAIRIE LFG,DG_TRIRA_1UNIT,#N/A,BIOMASS,NORTH,2015,4
NELSON GARDENS LFG,DG_78252_4UNITS,#N/A,BIOMASS,SOUTH,2013,4.2
WM RENEWABLE-AUSTIN LFG,DG_SPRIN_4UNITS,#N/A,BIOMASS,SOUTH,2007,6.4
WM RENEWABLE-BIOENERGY PARTNERS LFG,DG_BIOE_2UNITS,#N/A,BIOMASS,NORTH,1988,6.2
WM RENEWABLE-DFW GAS RECOVERY LFG,DG_BIO2_4UNITS,#N/A,BIOMASS,NORTH,2009,6.4
WM RENEWABLE-MESQUITE CREEK LFG,DG_FREIH_2UNITS,#N/A,BIOMASS,SOUTH,2011,3.2
WM RENEWABLE-WESTSIDE LFG,DG_WSTHL_3UNITS,#N/A,BIOMASS,NORTH,2010,4.8
AMISTAD HYDRO 1,AMISTAD_AMISTAG1,AMISTAD_ALL,HYDRO,WEST,1983,37.9
AMISTAD HYDRO 2,AMISTAD_AMISTAG2,AMISTAD_ALL,HYDRO,WEST,1983,37.9
AUSTIN HYDRO 1,AUSTPL_AUSTING1,AUSTPL_ALL,HYDRO,SOUTH,1940,8
AUSTIN HYDRO 2,AUSTPL_AUSTING2,AUSTPL_ALL,HYDRO,SOUTH,1940,9
BUCHANAN HYDRO 1,BUCHAN_BUCHANG1,BUCHAN_ALL,HYDRO,SOUTH,1938,16
BUCHANAN HYDRO 2,BUCHAN_BUCHANG2,BUCHAN_ALL,HYDRO,SOUTH,1938,16
BUCHANAN HYDRO 3,BUCHAN_BUCHANG3,BUCHAN_ALL,HYDRO,SOUTH,1950,17
DENISON DAM 1,DNDAM_DENISOG1,DENISON_G1_2,HYDRO,NORTH,1944,49.5
DENISON DAM 2,DNDAM_DENISOG2,DENISON_G1_2,HYDRO,NORTH,1948,49.5
EAGLE PASS HYDRO,EAGLE_HY_EAGLE_HY1,#N/A,HYDRO,SOUTH,2005,9.6
FALCON HYDRO 1,FALCON_FALCONG1,FAL_FALCONG1,HYDRO,SOUTH,1954,12
FALCON HYDRO 2,FALCON_FALCONG2,FAL_FALCONG2,HYDRO,SOUTH,1954,12
FALCON HYDRO 3,FALCON_FALCONG3,FAL_FALCONG3,HYDRO,SOUTH,1954,12
GRANITE SHOALS HYDRO 1,WIRTZ_WIRTZ_G1,WIR_WIRTZ_G1,HYDRO,SOUTH,1951,29
GRANITE SHOALS HYDRO 2,WIRTZ_WIRTZ_G2,WIR_WIRTZ_G2,HYDRO,SOUTH,1951,29
GUADALUPE BLANCO RIVER AUTH-CANYON,CANYHY_CANYHYG1,#N/A,HYDRO,SOUTH,1989,6
INKS HYDRO 1,INKSDA_INKS_G1,INKS_INKS_G1,HYDRO,SOUTH,1938,14
MARBLE FALLS HYDRO 1,MARBFA_MARBFAG1,MARBFA,HYDRO,SOUTH,1951,21
MARBLE FALLS HYDRO 2,MARBFA_MARBFAG2,MARBFA,HYDRO,SOUTH,1951,20
MARSHALL FORD HYDRO 1,MARSFO_MARSFOG1,MAR_MARSFOG1,HYDRO,SOUTH,1941,34
MARSHALL FORD HYDRO 2,MARSFO_MARSFOG2,MAR_MARSFOG2,HYDRO,SOUTH,1941,36
MARSHALL FORD HYDRO 3,MARSFO_MARSFOG3,MAR_MARSFOG3,HYDRO,SOUTH,1941,36
WHITNEY DAM HYDRO,WND_WHITNEY1,WND_WHITNEY,HYDRO,NORTH,1953,22
WHITNEY DAM HYDRO 2,WND_WHITNEY2,WND_WHITNEY,HYDRO,NORTH,1953,22
ARLINGTON OUTLET HYDROELECTRIC FACILITY,DG_OAKHL_1UNIT,#N/A,HYDRO,NORTH,2014,1.4
GUADALUPE BLANCO RIVER AUTH-LAKEWOOD TAP,DG_LKWDT_2UNITS,#N/A,HYDRO,SOUTH,1931,4.8
GUADALUPE BLANCO RIVER AUTH-MCQUEENEY,DG_MCQUE_5UNITS,#N/A,HYDRO,SOUTH,1928,7.7
GUADALUPE BLANCO RIVER AUTH-SCHUMANSVILLE,DG_SCHUM_2UNITS,#N/A,HYDRO,SOUTH,1928,3.6
LEWISVILLE HYDRO-CITY OF GARLAND,DG_LWSVL_1UNIT,#N/A,HYDRO,NORTH,1991,2.2
ANTELOPE IC 1,AEEC_ANTLP_1,AEEC,GAS-IC,PANHANDLE,2016,56
ANTELOPE IC 2,AEEC_ANTLP_2,AEEC,GAS-IC,PANHANDLE,2016,56
ANTELOPE IC 3,AEEC_ANTLP_3,AEEC,GAS-IC,PANHANDLE,2016,56
ELK STATION CTG 1,AEEC_ELK_1,AEEC,GAS-GT,PANHANDLE,2016,195
ELK STATION CTG 2,AEEC_ELK_2,AEEC,GAS-GT,PANHANDLE,2016,195
TENASKA FRONTIER STATION CTG 1,FTR_FTR_G1,FTR_FTR_G1_4,GAS-CC,NORTH,2000,180
TENASKA FRONTIER STATION CTG 2,FTR_FTR_G2,FTR_FTR_G1_4,GAS-CC,NORTH,2000,180
TENASKA FRONTIER STATION CTG 3,FTR_FTR_G3,FTR_FTR_G1_4,GAS-CC,NORTH,2000,180
TENASKA FRONTIER STATION STG 4,FTR_FTR_G4,FTR_FTR_G1_4,GAS-CC,NORTH,2000,400
TENASKA GATEWAY STATION CTG 1,TGCCS_CT1,TGCCS_ALL,GAS-CC,NORTH,2001,162
TENASKA GATEWAY STATION CTG 2,TGCCS_CT2,TGCCS_ALL,GAS-CC,NORTH,2001,179
TENASKA GATEWAY STATION CTG 3,TGCCS_CT3,TGCCS_ALL,GAS-CC,NORTH,2001,178
TENASKA GATEWAY STATION STG 4,TGCCS_UNIT4,TGCCS_ALL,GAS-CC,NORTH,2001,389
TENASKA KIAMICHI STATION 1CT101,KMCHI_1CT101,VLSES_UNIT3,GAS-CC,NORTH,2003,154
TENASKA KIAMICHI STATION 1CT201,KMCHI_1CT201,VLSES_UNIT3,GAS-CC,NORTH,2003,151
TENASKA KIAMICHI STATION 1ST,KMCHI_1ST,VLSES_UNIT3,GAS-CC,NORTH,2003,312
TENASKA KIAMICHI STATION 2CT101,KMCHI_2CT101,VLSES_UNIT3,GAS-CC,NORTH,2003,149
TENASKA KIAMICHI STATION 2CT201,KMCHI_2CT201,VLSES_UNIT3,GAS-CC,NORTH,2003,150
TENASKA KIAMICHI STATION 2ST,KMCHI_2ST,VLSES_UNIT3,GAS-CC,NORTH,2003,317
BAFFIN WIND UNIT1,BAFFIN_UNIT1,BAFFIN_ALL,WIND-C,COASTAL,2016,100
BAFFIN WIND UNIT2,BAFFIN_UNIT2,BAFFIN_ALL,WIND-C,COASTAL,2016,102
BRUENNING'S BREEZE A,BBREEZE_UNIT1,BBREEZE_1_2,WIND-C,COASTAL,2017,120
BRUENNING'S BREEZE B,BBREEZE_UNIT2,BBREEZE_1_2,WIND-C,COASTAL,2017,108
CAMERON COUNTY WIND,CAMWIND_UNIT1,CAMWIND_RN,WIND-C,COASTAL,2016,165
CHALUPA WIND,CHALUPA_UNIT1,CHALUP_ALL,WIND-C,COASTAL,2021,173.3
CHAPMAN RANCH WIND IA (SANTA CRUZ),SANTACRU_UNIT1,SANTACRU_ALL,WIND-C,COASTAL,2017,150.6
CHAPMAN RANCH WIND IB (SANTA CRUZ),SANTACRU_UNIT2,SANTACRU_ALL,WIND-C,COASTAL,2017,98.4
EAST RAYMOND WIND (EL RAYO) U1,EL_RAYO_UNIT1,EL_RAYO_ALL,WIND-C,COASTAL,2021,98
EAST RAYMOND WIND (EL RAYO) U2,EL_RAYO_UNIT2,EL_RAYO_ALL,WIND-C,COASTAL,2021,96
ESPIRITU WIND,CHALUPA_UNIT2,CHALUP_ALL,WIND-C,COASTAL,2021,25.2
GULF WIND I,TGW_T1,TGW_T1_T2,WIND-C,COASTAL,2021,141.6
GULF WIND II,TGW_T2,TGW_T1_T2,WIND-C,COASTAL,2021,141.6
KARANKAWA WIND 1A,KARAKAW1_UNIT1,KARAKAW1_1,WIND-C,COASTAL,2019,103.3
KARANKAWA WIND 1B,KARAKAW1_UNIT2,KARAKAW1_1,WIND-C,COASTAL,2019,103.3
KARANKAWA WIND 2,KARAKAW2_UNIT3,KARAKAW2_1,WIND-C,COASTAL,2019,100.4
LOS VIENTOS WIND I,LV1_LV1A,LV1A_LV1B,WIND-C,COASTAL,2013,200.1
LOS VIENTOS WIND II,LV2_LV2,LV1A_LV1B,WIND-C,COASTAL,2013,201.6
MAGIC VALLEY WIND (REDFISH) 1A,REDFISH_MV1A,REDFISH_ALL,WIND-C,COASTAL,2012,99.8
MAGIC VALLEY WIND (REDFISH) 1B,REDFISH_MV1B,REDFISH_ALL,WIND-C,COASTAL,2012,103.5
MIDWAY WIND,MIDWIND_UNIT1,WHITE_PT_UN1,WIND-C,COASTAL,2019,162.8
PALMAS ALTAS WIND,PALMWIND_UNIT1,PALMWI_UNIT1,WIND-C,COASTAL,2020,144.9
PAPALOTE CREEK WIND,PAP1_PAP1,PAP1_PAP1,WIND-C,COASTAL,2009,179.9
PAPALOTE CREEK WIND II,COTTON_PAP2,COTTON_PAP2,WIND-C,COASTAL,2010,200.1
PENASCAL WIND 1,PENA_UNIT1,PENA_ALL,WIND-C,COASTAL,2009,160.8
PENASCAL WIND 2,PENA_UNIT2,PENA_ALL,WIND-C,COASTAL,2009,141.6
PENASCAL WIND 3,PENA3_UNIT3,PENA_ALL,WIND-C,COASTAL,2011,100.8
PEYTON CREEK WIND,PEY_UNIT1,PEY_RN,WIND-C,COASTAL,2020,151.2
SAN ROMAN WIND,SANROMAN_WIND_1,RN_SR_WIND1,WIND-C,COASTAL,2017,95.2
SHAFFER (PATRIOT WIND/PETRONILLA),SHAFFER_UNIT1,SHAFFER_ALL,WIND-C,COASTAL,2021,226.1
STELLA WIND,STELLA_UNIT1,STELLA_RN,WIND-C,COASTAL,2018,201
HARBOR WIND,DG_NUECE_6UNITS,#N/A,WIND-C,COASTAL,2012,9
BRISCOE WIND,BRISCOE_WIND,BRISCOE_WIND,WIND-P,PANHANDLE,2015,149.8
CANADIAN BREAKS WIND,CN_BRKS_UNIT_1,CN_BRKS_UNT1,WIND-P,PANHANDLE,2019,210.1
COTTON PLAINS WIND,COTPLNS_COTTONPL,COTPLNS_RN,WIND-P,PANHANDLE,2017,50.4
DOUG COLBECK'S CORNER (CONWAY) B,GRANDVW1_COLB,GRANDVW1_A_B,WIND-P,PANHANDLE,2016,100.2
DOUG COLBECK'S CORNER (CONWAY) A,GRANDVW1_COLA,GRANDVW1_A_B,WIND-P,PANHANDLE,2016,100.2
FALVEZ ASTRA WIND,ASTRA_UNIT1,ASTRA_RN,WIND-P,PANHANDLE,2017,163.2
GRANDVIEW WIND 1 (CONWAY) GV1A,GRANDVW1_GV1A,GRANDVW1_A_B,WIND-P,PANHANDLE,2014,107.4
GRANDVIEW WIND 1 (CONWAY) GV1B,GRANDVW1_GV1B,GRANDVW1_A_B,WIND-P,PANHANDLE,2014,103.8
HEREFORD WIND G,HRFDWIND_WIND_G,HRFDWIND_ALL,WIND-P,PANHANDLE,2015,99.9
HEREFORD WIND V,HRFDWIND_WIND_V,HRFDWIND_ALL,WIND-P,PANHANDLE,2015,100
JUMBO ROAD WIND 1,HRFDWIND_JRDWIND1,HRFDWIND_ALL,WIND-P,PANHANDLE,2015,146.2
JUMBO ROAD WIND 2,HRFDWIND_JRDWIND2,HRFDWIND_ALL,WIND-P,PANHANDLE,2015,153.6
LONGHORN WIND NORTH U1,LHORN_N_UNIT1,LHORN_N_U1_2,WIND-P,PANHANDLE,2015,100
LONGHORN WIND NORTH U2,LHORN_N_UNIT2,LHORN_N_U1_2,WIND-P,PANHANDLE,2015,100
MARIAH DEL NORTE 1,MARIAH_NORTE1,MARIAH_ALL,WIND-P,PANHANDLE,2017,115.2
MARIAH DEL NORTE 2,MARIAH_NORTE2,MARIAH_ALL,WIND-P,PANHANDLE,2017,115.2
MCADOO WIND,MWEC_G1,MWEC_G1,WIND-P,PANHANDLE,2008,150
MIAMI WIND G1,MIAM1_G1,MIAM1_G1_G2,WIND-P,PANHANDLE,2014,144.3
MIAMI WIND G2,MIAM1_G2,MIAM1_G1_G2,WIND-P,PANHANDLE,2014,144.3
OLD SETTLER WIND,COTPLNS_OLDSETLR,COTPLNS_RN,WIND-P,PANHANDLE,2017,151.2
PANHANDLE WIND 1 U1,PH1_UNIT1,PH1_UNIT1_2,WIND-P,PANHANDLE,2014,109.2
PANHANDLE WIND 1 U2,PH1_UNIT2,PH1_UNIT1_2,WIND-P,PANHANDLE,2014,109.2
PANHANDLE WIND 2 U1,PH2_UNIT1,PH2_U1_U2,WIND-P,PANHANDLE,2014,94.2
PANHANDLE WIND 2 U2,PH2_UNIT2,PH2_U1_U2,WIND-P,PANHANDLE,2014,96.6
ROUTE 66 WIND,ROUTE_66_WIND1,ROUTE66_RN,WIND-P,PANHANDLE,2015,150
SALT FORK 1 WIND U1,SALTFORK_UNIT1,SLTFRK_UN1_2,WIND-P,PANHANDLE,2017,64
SALT FORK 1 WIND U2,SALTFORK_UNIT2,SLTFRK_UN1_2,WIND-P,PANHANDLE,2017,110
SOUTH PLAINS WIND 1 U1,SPLAIN1_WIND1,SPLAIN1_RN,WIND-P,PANHANDLE,2015,102
SOUTH PLAINS WIND 1 U2,SPLAIN1_WIND2,SPLAIN1_RN,WIND-P,PANHANDLE,2015,98
SOUTH PLAINS WIND 2 U1,SPLAIN2_WIND21,SPLAIN2_RN,WIND-P,PANHANDLE,2016,148.5
SOUTH PLAINS WIND 2 U2,SPLAIN2_WIND22,SPLAIN2_RN,WIND-P,PANHANDLE,2016,151.8
SPINNING SPUR WIND TWO A,SSPURTWO_WIND_1,SSPURT_WIND1,WIND-P,PANHANDLE,2014,161
SPINNING SPUR WIND TWO B,SSPURTWO_SS3WIND2,SSPURT_WIND1,WIND-P,PANHANDLE,2015,98
SPINNING SPUR WIND TWO C,SSPURTWO_SS3WIND1,SSPURT_WIND1,WIND-P,PANHANDLE,2015,96
WAKE WIND 1,WAKEWE_G1,WAKEWE_ALL,WIND-P,PANHANDLE,2016,114.9
WAKE WIND 2,WAKEWE_G2,WAKEWE_ALL,WIND-P,PANHANDLE,2016,142.3
WHIRLWIND ENERGY,WEC_WECG1,WEC_WECG1,WIND-P,PANHANDLE,2007,57
AMADEUS WIND 1 U1,AMADEUS1_UNIT1,AMADEUS_ALL,WIND-O,WEST,2021,36.7
AMADEUS WIND 1 U2,AMADEUS1_UNIT2,AMADEUS_ALL,WIND-O,WEST,2021,35.8
AMADEUS WIND 2 U1,AMADEUS2_UNIT3,AMADEUS_ALL,WIND-O,WEST,2021,177.7
ANACACHO WIND,ANACACHO_ANA,ANACACHO_ANA,WIND-O,SOUTH,2012,99.8
AVIATOR WIND U1,AVIATOR_UNIT1,AVIAT_ALL,WIND-O,WEST,2021,180.1
AVIATOR WIND U2,AVIATOR_UNIT2,AVIAT_ALL,WIND-O,WEST,2021,145.6
AVIATOR WIND U3,DEWOLF_UNIT1,AVIAT_ALL,WIND-O,WEST,2021,199.3
BARTON CHAPEL WIND,BRTSW_BCW1,BRTSW_BCW1,WIND-O,NORTH,2007,120
BLUE SUMMIT WIND 1 A,BLSUMMIT_BLSMT1_5,BLSMT1_5_A_6,WIND-O,WEST,2013,8.8
BLUE SUMMIT WIND 1 B,BLSUMMIT_BLSMT1_6,BLSMT1_5_A_6,WIND-O,WEST,2013,124.3
BLUE SUMMIT WIND 2 A,BLSUMMIT_UNIT2_25,BLSMT1_5_A_6,WIND-O,WEST,2020,89.7
BLUE SUMMIT WIND 2 B,BLSUMMIT_UNIT2_17,BLSMT1_5_A_6,WIND-O,WEST,2020,6.7
BLUE SUMMIT WIND 3 A,BLSUMIT3_UNIT_17,BLSMT1_5_A_6,WIND-O,WEST,2020,13.4
BLUE SUMMIT WIND 3 B,BLSUMIT3_UNIT_25,BLSMT1_5_A_6,WIND-O,WEST,2020,182.4
BOBCAT BLUFF WIND,BCATWIND_WIND_1,BCATWD_WD_1,WIND-O,WEST,2020,162
BUCKTHORN WIND 1 A,BUCKTHRN_UNIT1,BUCKTHRN_RN,WIND-O,NORTH,2017,44.9
BUCKTHORN WIND 1 B,BUCKTHRN_UNIT2,BUCKTHRN_RN,WIND-O,NORTH,2017,55.7
BUFFALO GAP WIND 1,BUFF_GAP_UNIT1,BUFF_GAP_ALL,WIND-O,WEST,2006,120.6
BUFFALO GAP WIND 2_1,BUFF_GAP_UNIT2_1,BUFF_GAP_ALL,WIND-O,WEST,2007,115.5
BUFFALO GAP WIND 2_2,BUFF_GAP_UNIT2_2,BUFF_GAP_ALL,WIND-O,WEST,2007,117
BUFFALO GAP WIND 3,BUFF_GAP_UNIT3,BUFF_GAP_ALL,WIND-O,WEST,2008,170.2
BULL CREEK WIND U1,BULLCRK_WND1,BULLCRK_1_2,WIND-O,WEST,2009,88
BULL CREEK WIND U2,BULLCRK_WND2,BULLCRK_1_2,WIND-O,WEST,2009,90
CABEZON WIND (RIO BRAVO I WIND) 1 A,CABEZON_WIND1,CABEZON_ALL,WIND-O,SOUTH,2019,115.2
CABEZON WIND (RIO BRAVO I WIND) 1 B,CABEZON_WIND2,CABEZON_ALL,WIND-O,SOUTH,2019,122.4
CALLAHAN WIND,CALLAHAN_WND1,CALLAHA_WND1,WIND-O,WEST,2004,123.1
CAMP SPRINGS WIND 1,CSEC_CSECG1,CSC_CSECG1_2,WIND-O,WEST,2007,130.5
CAMP SPRINGS WIND 2,CSEC_CSECG2,CSC_CSECG1_2,WIND-O,WEST,2007,120
CAPRICORN RIDGE WIND 1,CAPRIDGE_CR1,CAPRIDGE_ALL,WIND-O,WEST,2007,231.7
CAPRICORN RIDGE WIND 2,CAPRIDGE_CR2,CAPRIDGE_ALL,WIND-O,WEST,2007,149.5
CAPRICORN RIDGE WIND 3,CAPRIDGE_CR3,CAPRIDGE_ALL,WIND-O,WEST,2008,200.9
CAPRICORN RIDGE WIND 4,CAPRIDG4_CR4,CAPRIDG4_CR4,WIND-O,WEST,2008,121.5
CEDRO HILL WIND 1,CEDROHIL_CHW1,CEDROHI_CHW1,WIND-O,SOUTH,2010,75
CEDRO HILL WIND 2,CEDROHIL_CHW2,CEDROHI_CHW1,WIND-O,SOUTH,2010,75
CHAMPION WIND,CHAMPION_UNIT1,TKWSW_CHAMP,WIND-O,WEST,2008,126.5
DERMOTT WIND 1_1,DERMOTT_UNIT1,DERMOTT_ALL,WIND-O,WEST,2017,126.5
DERMOTT WIND 1_2,DERMOTT_UNIT2,DERMOTT_ALL,WIND-O,WEST,2017,126.5
DESERT SKY WIND 1,INDNENR_INDNENR,INDNENR_1_RN,WIND-O,WEST,2002,85.1
DESERT SKY WIND 2,INDNENR_INDNENR_2,INDNENR_2_RN,WIND-O,WEST,2002,85.1
ELBOW CREEK WIND,ELB_ELBCREEK,ELB_ELBCREEK,WIND-O,WEST,2008,118.7
ELECTRA WIND 1,DIGBY_UNIT1,ELECTRAW_1_2,WIND-O,WEST,2017,98.9
ELECTRA WIND 2,DIGBY_UNIT2,ELECTRAW_1_2,WIND-O,WEST,2017,131.1
FLAT TOP WIND I,FTWIND_UNIT_1,FTWIND_UNIT1,WIND-O,NORTH,2018,200
FLUVANNA RENEWABLE 1 A,FLUVANNA_UNIT1,FLUVANNA_1_2,WIND-O,WEST,2017,79.8
FLUVANNA RENEWABLE 1 B,FLUVANNA_UNIT2,FLUVANNA_1_2,WIND-O,WEST,2017,75.6
FOARD CITY WIND 1 A,FOARDCTY_UNIT1,FOARDCTY_ALL,WIND-O,WEST,2019,186.5
FOARD CITY WIND 1 B,FOARDCTY_UNIT2,FOARDCTY_ALL,WIND-O,WEST,2019,163.8
FOREST CREEK WIND,MCDLD_FCW1,MCDLD_FCSBW1,WIND-O,WEST,2007,124.2
GOAT WIND,GOAT_GOATWIND,GOA_GOATWIND,WIND-O,WEST,2008,80
GOAT WIND 2,GOAT_GOATWIN2,GOA_GOATWIND,WIND-O,WEST,2010,69.6
GOLDTHWAITE WIND 1,GWEC_GWEC_G1,GWEC_G1,WIND-O,NORTH,2014,148.6
GOPHER CREEK WIND 1,GOPHER_UNIT1,FLUVANNA_1_2,WIND-O,WEST,2020,82
GOPHER CREEK WIND 2,GOPHER_UNIT2,FLUVANNA_1_2,WIND-O,WEST,2020,76
GREEN MOUNTAIN WIND (BRAZOS) U1,BRAZ_WND_WND1,BRAZ_WND_ALL,WIND-O,WEST,2003,99
GREEN MOUNTAIN WIND (BRAZOS) U2,BRAZ_WND_WND2,BRAZ_WND_ALL,WIND-O,WEST,2003,61
GREEN PASTURES WIND I,GPASTURE_WIND_I,GPASTURE_ALL,WIND-O,WEST,2015,150
VERTIGO WIND (FORMERLY GREEN PASTURES WIND 2),VERTIGO_WIND_I,VERTIGO_UN1,WIND-O,WEST,2015,150
GUNSIGHT MOUNTAIN WIND,GUNMTN_G1,GUNMTN_NODE,WIND-O,WEST,2016,119.9
HACKBERRY WIND,HWF_HWFG1,HWF_HWFG1,WIND-O,WEST,2008,163.5
HICKMAN (SANTA RITA WIND) 1,HICKMAN_G1,HICK_G1_G2,WIND-O,WEST,2018,152.5
HICKMAN (SANTA RITA WIND) 2,HICKMAN_G2,HICK_G1_G2,WIND-O,WEST,2018,147.5
HIDALGO & STARR WIND 11,MIRASOLE_MIR11,MIRASOLE_GEN,WIND-O,SOUTH,2016,52
HIDALGO & STARR WIND 12,MIRASOLE_MIR12,MIRASOLE_GEN,WIND-O,SOUTH,2016,98
HIDALGO & STARR WIND 21,MIRASOLE_MIR21,MIRASOLE_GEN,WIND-O,SOUTH,2016,100
HIDALGO II WIND,MIRASOLE_MIR13,MIRASOLE_GEN,WIND-O,SOUTH,2021,50.4
HIGH LONESOME W 1A,HI_LONE_WGR1A,HI_LONE_ALL,WIND-O,WEST,2021,46
HIGH LONESOME W 1B,HI_LONE_WGR1B,HI_LONE_ALL,WIND-O,WEST,2021,52
HIGH LONESOME W 1C,HI_LONE_WGR1C,HI_LONE_ALL,WIND-O,WEST,2021,25.3
HIGH LONESOME W 2,HI_LONE_WGR2,HI_LONE_ALL,WIND-O,WEST,2021,122.5
HIGH LONESOME W 2A,HI_LONE_WGR2A,HI_LONE_ALL,WIND-O,WEST,2021,25.3
HIGH LONESOME W 3,HI_LONE_WGR3,HI_LONE_ALL,WIND-O,WEST,2021,127.6
HIGH LONESOME W 4,HI_LONE_WGR4,HI_LONE_ALL,WIND-O,WEST,2021,101.6
HORSE CREEK WIND 1,HORSECRK_UNIT1,HORSECRK_RN,WIND-O,WEST,2017,131.1
HORSE CREEK WIND 2,HORSECRK_UNIT2,HORSECRK_RN,WIND-O,WEST,2017,98.9
HORSE HOLLOW WIND 1,H_HOLLOW_WND1,H_HOLLO_WND1,WIND-O,WEST,2005,230
HORSE HOLLOW WIND 2,HHOLLOW2_WIND1,HHOLLW2_WND1,WIND-O,WEST,2006,184
HORSE HOLLOW WIND 3,HHOLLOW3_WND_1,HHOLLW3_WND1,WIND-O,WEST,2006,241.4
HORSE HOLLOW WIND 4,HHOLLOW4_WND1,HHOLLW4_WND1,WIND-O,WEST,2006,115
INADALE WIND 1,INDL_INADALE1,IND_INADALE1,WIND-O,WEST,2008,95
INADALE WIND 2,INDL_INADALE2,IND_INADALE1,WIND-O,WEST,2008,102
INDIAN MESA WIND,INDNNWP_INDNNWP2,INDNNWP_RN,WIND-O,WEST,2001,91.8
JAVELINA I WIND 18,BORDAS_JAVEL18,BORDAS_345,WIND-O,SOUTH,2015,19.7
JAVELINA I WIND 20,BORDAS_JAVEL20,BORDAS_345,WIND-O,SOUTH,2015,230
JAVELINA II WIND 1,BORDAS2_JAVEL2_A,BORDAS_345,WIND-O,SOUTH,2017,96
JAVELINA II WIND 2,BORDAS2_JAVEL2_B,BORDAS_345,WIND-O,SOUTH,2017,74
JAVELINA II WIND 3,BORDAS2_JAVEL2_C,BORDAS_345,WIND-O,SOUTH,2017,30
KEECHI WIND,KEECHI_U1,KEECHI_U1,WIND-O,NORTH,2015,110
KING MOUNTAIN WIND (NE),KING_NE_KINGNE,KINGE_ALL,WIND-O,WEST,2001,79.7
KING MOUNTAIN WIND (NW),KING_NW_KINGNW,KINGW_ALL,WIND-O,WEST,2001,79.7
KING MOUNTAIN WIND (SE),KING_SE_KINGSE,KINGE_ALL,WIND-O,WEST,2001,40.5
KING MOUNTAIN WIND (SW),KING_SW_KINGSW,KINGW_ALL,WIND-O,WEST,2001,79.7
LANGFORD WIND POWER,LGD_LANGFORD,LGD_LANGFORD,WIND-O,WEST,2009,160
LOCKETT WIND FARM,LOCKETT_UNIT1,ELECTRAW_1_2,WIND-O,WEST,2019,183.7
LOGANS GAP WIND I U1,LGW_UNIT1,LGW_UNIT_ALL,WIND-O,NORTH,2015,106.3
LOGANS GAP WIND I U2,LGW_UNIT2,LGW_UNIT_ALL,WIND-O,NORTH,2015,103.8
LONE STAR WIND 1 (MESQUITE),LNCRK_G83,LNCRK_ALL,WIND-O,WEST,2006,194
LONE STAR WIND 2 (POST OAK) U1,LNCRK2_G871,LNCRK_ALL,WIND-O,WEST,2007,98
LONE STAR WIND 2 (POST OAK) U2,LNCRK2_G872,LNCRK_ALL,WIND-O,WEST,2007,100
LORAINE WINDPARK I,LONEWOLF_G1,LONEWOLF_ALL,WIND-O,WEST,2010,48
LORAINE WINDPARK II,LONEWOLF_G2,LONEWOLF_ALL,WIND-O,WEST,2010,51
LORAINE WINDPARK III,LONEWOLF_G3,LONEWOLF_ALL,WIND-O,WEST,2011,25.5
LORAINE WINDPARK IV,LONEWOLF_G4,LONEWOLF_ALL,WIND-O,WEST,2011,24
LOS VIENTOS III WIND,LV3_UNIT_1,LV3_UNIT1,WIND-O,SOUTH,2015,200
LOS VIENTOS IV WIND,LV4_UNIT_1,LV4_UNIT_1,WIND-O,SOUTH,2016,200
LOS VIENTOS V WIND,LV5_UNIT_1,LV5_UNIT1,WIND-O,SOUTH,2016,110
MESQUITE CREEK WIND 1,MESQCRK_WND1,MESQCRK_ALL,WIND-O,WEST,2015,105.6
MESQUITE CREEK WIND 2,MESQCRK_WND2,MESQCRK_ALL,WIND-O,WEST,2015,105.6
NIELS BOHR WIND A (BEARKAT WIND A),NBOHR_UNIT1,NBOHR_RN,WIND-O,WEST,2018,196.6
NOTREES WIND 1,NWF_NWF1,NWF_NWF1,WIND-O,WEST,2009,92.6
NOTREES WIND 2,NWF_NWF2,NWF_NWF1,WIND-O,WEST,2009,60
OCOTILLO WIND,OWF_OWF,OWF_OWF,WIND-O,WEST,2008,58.8
PANTHER CREEK WIND 1,PC_NORTH_PANTHER1,PC_NORTH_1,WIND-O,WEST,2008,142.5
PANTHER CREEK WIND 2,PC_SOUTH_PANTHER2,PC_SOUTH_ALL,WIND-O,WEST,2019,115.5
PANTHER CREEK WIND 3,PC_SOUTH_PANTHER3,PC_SOUTH_ALL,WIND-O,WEST,2009,199.5
PECOS WIND 1 (WOODWARD),WOODWRD1_WOODWRD1,WOODWRD1_RN,WIND-O,WEST,2001,91.7
PECOS WIND 2 (WOODWARD),WOODWRD2_WOODWRD2,WOODWRD2_RN,WIND-O,WEST,2001,86
PYRON WIND 1,PYR_PYRON1,PYR_PYRON1,WIND-O,WEST,2008,121.5
PYRON WIND 2,PYR_PYRON2,PYR_PYRON1,WIND-O,WEST,2008,127.5
RANCHERO WIND,RANCHERO_UNIT1,RANCHERO_ALL,WIND-O,WEST,2020,150
RANCHERO WIND,RANCHERO_UNIT2,RANCHERO_ALL,WIND-O,WEST,2020,150
RATTLESNAKE I WIND ENERGY CENTER G1,RSNAKE_G1,RSK_RN,WIND-O,WEST,2015,104.3
RATTLESNAKE I WIND ENERGY CENTER G2,RSNAKE_G2,RSK_RN,WIND-O,WEST,2015,103
RED CANYON WIND,RDCANYON_RDCNY1,RDCAN_RDCNY1,WIND-O,WEST,2006,89.6
ROCK SPRINGS VAL VERDE WIND (FERMI) 1,FERMI_WIND1,FERMI_ALL,WIND-O,WEST,2017,121.9
ROCK SPRINGS VAL VERDE WIND (FERMI) 2,FERMI_WIND2,FERMI_ALL,WIND-O,WEST,2017,27.4
ROSCOE WIND,TKWSW1_ROSCOE,TKWSW_ROSCOE,WIND-O,WEST,2008,114
ROSCOE WIND 2A,TKWSW1_ROSCOE2A,TKWSW_ROSCOE,WIND-O,WEST,2008,95
RTS WIND,RTS_U1,RN_RTS1,WIND-O,SOUTH,2018,160
RTS 2 WIND (HEART OF TEXAS WIND) U1,RTS2_U1,RN_RTS1,WIND-O,SOUTH,2021,89.9
RTS 2 WIND (HEART OF TEXAS WIND) U2,RTS2_U2,RN_RTS1,WIND-O,SOUTH,2021,89.9
SAND BLUFF WIND,MCDLD_SBW1,MCDLD_FCSBW1,WIND-O,WEST,2008,90
SENDERO WIND ENERGY,EXGNSND_WIND_1,EXGNSND_RN,WIND-O,SOUTH,2015,78
SEYMOUR HILLS WIND (S_HILLS WIND),S_HILLS_UNIT1,S_HILLS_RN,WIND-O,WEST,2019,30.2
SENATE WIND,SENATEWD_UNIT1,SENATEWD_1,WIND-O,NORTH,2012,150
SHANNON WIND,SHANNONW_UNIT_1,SHANNONW_RN,WIND-O,WEST,2015,204.1
SHERBINO 2 WIND,KEO_SHRBINO2,KEO_KEO_SM1,WIND-O,WEST,2011,132
SILVER STAR WIND,FLTCK_SSI,FLTCK_SSI,WIND-O,NORTH,2008,52.8
SOUTH TRENT WIND,STWF_T1,STWF_T1,WIND-O,WEST,2008,98.2
STANTON WIND ENERGY,SWEC_G1,SWEC_G1,WIND-O,WEST,2008,120
STEPHENS RANCH WIND 1,SRWE1_UNIT1,SRWE1_UNIT1,WIND-O,WEST,2014,211.2
STEPHENS RANCH WIND 2,SRWE1_SRWE2,SRWE1_UNIT1,WIND-O,WEST,2015,164.7
SWEETWATER WIND 1,SWEETWND_WND1,SWEETWND_1,WIND-O,WEST,2003,42.5
SWEETWATER WIND 2A,SWEETWN2_WND24,SWEETWN2_2_4,WIND-O,WEST,2006,16.8
SWEETWATER WIND 2B,SWEETWN2_WND2,SWEETWN2_2_4,WIND-O,WEST,2004,110.8
SWEETWATER WIND 3A,SWEETWN3_WND3A,SWEETWN3_3,WIND-O,WEST,2011,33.6
SWEETWATER WIND 3B,SWEETWN3_WND3B,SWEETWN3_3,WIND-O,WEST,2011,118.6
SWEETWATER WIND 4-5,SWEETWN5_WND5,SWTWN4_WND45,WIND-O,WEST,2007,85
SWEETWATER WIND 4-4B,SWEETWN4_WND4B,SWTWN4_WND45,WIND-O,WEST,2007,112
SWEETWATER WIND 4-4A,SWEETWN4_WND4A,SWTWN4_WND45,WIND-O,WEST,2007,125
TAHOKA WIND 1,TAHOKA_UNIT_1,TAHOKA_ALL,WIND-O,WEST,2019,150
TAHOKA WIND 2,TAHOKA_UNIT_2,TAHOKA_ALL,WIND-O,WEST,2019,150
TEXAS BIG SPRING WIND A,SGMTN_SIGNALMT,SGM_SIGNALMT,WIND-O,WEST,1999,27.7
TEXAS BIG SPRING WIND B,SGMTN_SIGNALM2,SGM_SIGNALMT,WIND-O,WEST,1999,6.6
TORRECILLAS WIND 1,TORR_UNIT1_25,TORR_ALL,WIND-O,SOUTH,2019,150
TORRECILLAS WIND 2,TORR_UNIT2_23,TORR_ALL,WIND-O,SOUTH,2019,23
TORRECILLAS WIND 3,TORR_UNIT2_25,TORR_ALL,WIND-O,SOUTH,2019,127.5
TRENT WIND,TRENT_TRENT,TRENT_TRENT,WIND-O,WEST,2001,156.5
TRINITY HILLS WIND 1,TRINITY_TH1_BUS1,TRINITY_ALL,WIND-O,WEST,2012,103.4
TRINITY HILLS WIND 2,TRINITY_TH1_BUS2,TRINITY_ALL,WIND-O,WEST,2012,94.6
TURKEY TRACK WIND,TTWEC_G1,TTWEC_G1,WIND-O,WEST,2008,169.5
TYLER BLUFF WIND,TYLRWIND_UNIT1,TYLRWIND_RN,WIND-O,NORTH,2017,125.6
VERA WIND 1,VERAWIND_UNIT1,VERAWIND_ALL,WIND-O,WEST,2021,12
VERA WIND 2,VERAWIND_UNIT2,VERAWIND_ALL,WIND-O,WEST,2021,7.2
VERA WIND 3,VERAWIND_UNIT3,VERAWIND_ALL,WIND-O,WEST,2021,100.8
VERA WIND 4,VERAWIND_UNIT4,VERAWIND_ALL,WIND-O,WEST,2021,22
VERA WIND 5,VERAWIND_UNIT5,VERAWIND_ALL,WIND-O,WEST,2021,100.8
WHITETAIL WIND,EXGNWTL_WIND_1,EXGNWTL_1,WIND-O,SOUTH,2012,92.3
WINDTHORST 2 WIND,WNDTHST2_UNIT1,WNDTS2_UNIT1,WIND-O,WEST,2014,67.6
WKN MOZART WIND,MOZART_WIND_1,MOZART_WIND1,WIND-O,WEST,2012,30
WILLOW SPRINGS WIND A,SALVTION_UNIT1,SALVTION_GEN,WIND-O,WEST,2017,125
WILLOW SPRINGS WIND B,SALVTION_UNIT2,SALVTION_GEN,WIND-O,WEST,2017,125
WILSON RANCH (INFINITY LIVE OAK WIND),WL_RANCH_UNIT1,WL_RANCH_RN,WIND-O,WEST,2020,199.5
WOLF RIDGE WIND,WHTTAIL_WR1,WHTTAIL_WR1,WIND-O,NORTH,2008,112.5
TSTC WEST TEXAS WIND,DG_ROSC2_1UNIT,#N/A,WIND-O,WEST,2008,2
ACACIA SOLAR,ACACIA_UNIT_1,#N/A,SOLAR,WEST,2012,10
BHE SOLAR PEARL PROJECT (SIRIUS 2),SIRIUS_UNIT2,SIRIUS_UNIT1,SOLAR,WEST,2017,49.1
BLUEBELL SOLAR (CAPRICORN RIDGE SOLAR),CAPRIDG4_BB_PV,CAPRIDG4_CR4,SOLAR,WEST,2019,30
BLUEBELL SOLAR II 1 (CAPRICORN RIDGE 4),CAPRIDG4_BB2_PV1,CAPRIDG4_CR4,SOLAR,WEST,2021,100
BLUEBELL SOLAR II 2 (CAPRICORN RIDGE 4),CAPRIDG4_BB2_PV2,CAPRIDG4_CR4,SOLAR,WEST,2021,15
BNB LAMESA SOLAR (PHASE I),LMESASLR_UNIT1,LAMESASLR_G,SOLAR,WEST,2018,101.6
BNB LAMESA SOLAR (PHASE II),LMESASLR_IVORY,LAMESASLR_G,SOLAR,WEST,2018,50
CASTLE GAP SOLAR,CASL_GAP_UNIT1,CASL_GAP_UN1,SOLAR,WEST,2018,180
CONIGLIO SOLAR,CONIGLIO_UNIT1,CONIGLIO_RN,SOLAR,NORTH,2021,125.7
EAST BLACKLAND SOLAR (PFLUGERVILLE SOLAR),E_BLACK_UNIT_1,E_BLACK_RN,SOLAR,SOUTH,2021,144
FOWLER RANCH,FWLR_SLR_UNIT1,FWLR_SLR_1,SOLAR,WEST,2020,150
FS BARILLA SOLAR-PECOS,HOVEY_UNIT1,HOVEY_GEN,SOLAR,WEST,2015,22
FS EAST PECOS SOLAR,BOOTLEG_UNIT1,BOOTLEG_UN1,SOLAR,WEST,2017,121.1
GREASEWOOD SOLAR 1,GREASWOD_UNIT1,GREASWOD_ALL,SOLAR,WEST,2021,124.6
GREASEWOOD SOLAR 2,GREASWOD_UNIT2,GREASWOD_ALL,SOLAR,WEST,2021,130.4
HOLSTEIN SOLAR 1,HOLSTEIN_SOLAR1,HOLSTEIN_ALL,SOLAR,WEST,2020,102.2
HOLSTEIN SOLAR 2,HOLSTEIN_SOLAR2,HOLSTEIN_ALL,SOLAR,WEST,2020,102.3
IMPACT SOLAR,IMPACT_UNIT1,IMP_RN1,SOLAR,NORTH,2021,198.5
JUNO SOLAR PHASE I,JUNO_UNIT1,JUNO_ALL,SOLAR,WEST,2021,162.1
JUNO SOLAR PHASE II,JUNO_UNIT2,JUNO_ALL,SOLAR,WEST,2021,143.5
KELLAM SOLAR,KELAM_SL_UNIT1,KELAMSL_U1,SOLAR,NORTH,2020,59.8
LAPETUS SOLAR,LAPETUS_UNIT_1,LAPETUS_U1,SOLAR,WEST,2020,100.7
OBERON SOLAR,OBERON_UNIT_1,OBERON_U1,SOLAR,WEST,2020,180
OCI ALAMO 1 SOLAR,OCI_ALM1_UNIT1,RN_OCI_ALAMO,SOLAR,SOUTH,2013,39.2
OCI ALAMO 4 SOLAR-BRACKETVILLE,ECLIPSE_UNIT1,ECLIPSE_UN1,SOLAR,SOUTH,2014,37.6
OCI ALAMO 5 (DOWNIE RANCH),HELIOS_UNIT1,HELIOS_RN,SOLAR,SOUTH,2015,100
OCI ALAMO 6 (SIRIUS/WEST TEXAS),SIRIUS_UNIT1,SIRIUS_UNIT1,SOLAR,WEST,2017,110.2
OCI ALAMO 7 (PAINT CREEK),SOLARA_UNIT1,SOLARA_UNIT1,SOLAR,WEST,2016,112
PHOEBE SOLAR 1,PHOEBE_UNIT1,PHOEBE_ALL,SOLAR,WEST,2019,125.1
PHOEBE SOLAR 2,PHOEBE_UNIT2,PHOEBE_ALL,SOLAR,WEST,2019,128.1
PROSPERO SOLAR 1,PROSPERO_UNIT1,PROSPERO_ALL,SOLAR,WEST,2020,153.6
PROSPERO SOLAR 2,PROSPERO_UNIT2,PROSPERO_ALL,SOLAR,WEST,2020,150
QUEEN SOLAR PHASE I,QUEEN_SL_SOLAR1,QUEEN_SL_RN,SOLAR,WEST,2020,102.5
QUEEN SOLAR PHASE I,QUEEN_SL_SOLAR2,QUEEN_SL_RN,SOLAR,WEST,2020,102.5
QUEEN SOLAR PHASE II,QUEEN_SL_SOLAR3,QUEEN_SL_RN,SOLAR,WEST,2020,97.5
QUEEN SOLAR PHASE II,QUEEN_SL_SOLAR4,QUEEN_SL_RN,SOLAR,WEST,2020,107.5
RAMBLER SOLAR,RAMBLER_UNIT1,RAMBLER_UNIT,SOLAR,WEST,2020,200
RE ROSEROCK SOLAR 1,REROCK_UNIT1,REROCK_ALL,SOLAR,WEST,2016,78.8
RE ROSEROCK SOLAR 2,REROCK_UNIT2,REROCK_ALL,SOLAR,WEST,2016,78.8
RIGGINS (SE BUCKTHORN WESTEX SOLAR),RIGGINS_UNIT1,RIGGIN_UNIT1,SOLAR,WEST,2018,150
RIPPEY SOLAR,RIPPEY_UNIT1,RIPPEY_ALL,SOLAR,NORTH,2020,59.8
SOLAIREHOLMAN 1,LASSO_UNIT1,LASSO_GEN,SOLAR,WEST,2018,50
SP-TX-12-PHASE B,SPTX12B_UNIT1,SPTX12B_RN,SOLAR,WEST,2017,157.5
TAYGETE SOLAR 1 U1,TAYGETE_UNIT1,TAYGETE_ALL,SOLAR,WEST,2021,125.9
TAYGETE SOLAR 1 U2,TAYGETE_UNIT2,TAYGETE_ALL,SOLAR,WEST,2021,128.9
WAYMARK SOLAR,WAYMARK_UNIT1,WAYMARK_RN,SOLAR,WEST,2018,182
WEBBERVILLE SOLAR,WEBBER_S_WSP1,WEBBER_WS_T1,SOLAR,SOUTH,2011,26.7
WEST OF PECOS SOLAR,W_PECOS_UNIT1,W_PECO_UNIT1,SOLAR,WEST,2019,100
ALEXIS SOLAR,DG_ALEXIS_ALEXIS,#N/A,SOLAR,SOUTH,2019,10
BECK 1,DG_CECSOLAR_DG_BECK1,#N/A,SOLAR,SOUTH,2016,1
BLUE WING 1 SOLAR,DG_BROOK_1UNIT,#N/A,SOLAR,SOUTH,2010,7.6
BLUE WING 2 SOLAR,DG_ELMEN_1UNIT,#N/A,SOLAR,SOUTH,2010,7.3
BOVINE SOLAR LLC,DG_BOVINE_BOVINE,#N/A,SOLAR,SOUTH,2018,5
BOVINE SOLAR LLC,DG_BOVINE2_BOVINE2,#N/A,SOLAR,SOUTH,2018,5
BRONSON SOLAR I,DG_BRNSN_BRNSN,#N/A,SOLAR,HOUSTON,2018,5
BRONSON SOLAR II,DG_BRNSN2_BRNSN2,#N/A,SOLAR,HOUSTON,2018,5
CASCADE SOLAR I,DG_CASCADE_CASCADE,#N/A,SOLAR,SOUTH,2018,5
CASCADE SOLAR II,DG_CASCADE2_CASCADE2,#N/A,SOLAR,SOUTH,2018,5
CATAN SOLAR,DG_CS10_CATAN,#N/A,SOLAR,SOUTH,2020,10
CHISUM SOLAR,DG_CHISUM_CHISUM,#N/A,SOLAR,NORTH,2018,10
COMMERCE_SOLAR,DG_ X443PV1_SWRI_PV1,#N/A,SOLAR,SOUTH,2019,5
EDDY SOLAR II,DG_EDDYII_EDDYII,#N/A,SOLAR,NORTH,2018,10
FIFTH GENERATION SOLAR 1,DG_FIFTHGS1_FGSOLAR1,#N/A,SOLAR,SOUTH,2016,1.6
GRIFFIN SOLAR,DG_GRIFFIN_GRIFFIN,#N/A,SOLAR,NORTH,2019,5
HIGHWAY 56,DG_HWY56_HWY56,#N/A,SOLAR,NORTH,2017,5.3
HM SEALY SOLAR 1,DG_SEALY_1UNIT,#N/A,SOLAR,SOUTH,2015,1.6
LAMPWICK SOLAR,DG_LAMPWICK_LAMPWICK,#N/A,SOLAR,WEST,2019,7.5
LEON,DG_LEON_LEON,#N/A,SOLAR,NORTH,2017,10
MARLIN,DG_MARLIN_MARLIN,#N/A,SOLAR,NORTH,2017,5.3
MARS SOLAR (DG),DG_MARS_MARS,#N/A,SOLAR,SOUTH,2019,10
NORTH GAINESVILLE,DG_NGNSVL_NGAINESV,#N/A,SOLAR,NORTH,2017,5.2
OCI ALAMO 2 SOLAR-ST. HEDWIG,DG_STHWG_UNIT1,#N/A,SOLAR,SOUTH,2014,4.4
OCI ALAMO 3-WALZEM SOLAR,DG_WALZM_UNIT1,#N/A,SOLAR,SOUTH,2014,5.5
POWERFIN KINGSBERY,DG_PFK_PFKPV,#N/A,SOLAR,SOUTH,2017,2.6
RENEWABLE ENERGY ALTERNATIVES-CCS1,DG_COSERVSS_CSS1,#N/A,SOLAR,NORTH,2015,2
STERLING,DG_STRLING_STRLING,#N/A,SOLAR,NORTH,2018,10
SUNEDISON RABEL ROAD SOLAR,DG_VALL1_1UNIT,#N/A,SOLAR,SOUTH,2012,9.9
SUNEDISON VALLEY ROAD SOLAR,DG_VALL2_1UNIT,#N/A,SOLAR,SOUTH,2012,9.9
SUNEDISON CPS3 SOMERSET 1 SOLAR,DG_SOME1_1UNIT,#N/A,SOLAR,SOUTH,2012,5.6
SUNEDISON SOMERSET 2 SOLAR,DG_SOME2_1UNIT,#N/A,SOLAR,SOUTH,2012,5
WALNUT SPRINGS,DG_WLNTSPRG_1UNIT,#N/A,SOLAR,NORTH,2016,10
WEST MOORE II,DG_WMOOREII_WMOOREII,#N/A,SOLAR,NORTH,2018,5
WHITESBORO,DG_WBORO_WHTSBORO,#N/A,SOLAR,NORTH,2017,5
WHITESBORO II,DG_WBOROII_WHBOROII,#N/A,SOLAR,NORTH,2017,5
WHITEWRIGHT,DG_WHTRT_WHTRGHT,#N/A,SOLAR,NORTH,2017,10
WHITNEY SOLAR,DG_WHITNEY_SOLAR1,#N/A,SOLAR,NORTH,2017,10
YELLOW JACKET SOLAR,DG_YLWJACKET_YLWJACKET,#N/A,SOLAR,NORTH,2018,5
BLUE SUMMIT BATTERY,BLSUMMIT_BATTERY,BLSMT1_5_A_6,STORAGE,WEST,2017,30
BRP ALVIN (DGR),BRPALVIN_UNIT1,ALVIN_RN,STORAGE,COASTAL,2020,10
BRP ANGELTON (DGR),BRPANGLE_UNIT1,BRPANGLE_RN,STORAGE,COASTAL,2020,10
BRP BRAZORIA (DGR),BRP_BRAZ_UNIT1,BRP_BRAZ_RN,STORAGE,COASTAL,2020,10
BRP DICKINSON (DGR),BRP_DIKN_UNIT1,BRP_DIKN_RN,STORAGE,HOUSTON,2021,10
BRP HEIGHTS (DGR),BRHEIGHT_UNIT1,BRHEIGHT_RN,STORAGE,HOUSTON,2020,10
BRP MAGNOLIA (DGR),BRPMAGNO_UNIT1,BRPMAGNO_RN,STORAGE,HOUSTON,2020,10
BRP SWEENY (DGR),BRP_SWNY_UNIT1,BRP_SWNY_RN,STORAGE,COASTAL,2021,10
BRP ODESSA SW (DGR),BRPODESA_UNIT1,ODESW_RN,STORAGE,WEST,2020,10
CASTLE GAP BATTERY,CASL_GAP_BATTERY1,CASL_GAP_UN1,STORAGE,WEST,2019,9.9
COMMERCE ST ESS (DGR),X443ESS1_SWRI,X443ESRN,STORAGE,SOUTH,2020,10
EUNICE STORAGE,EUNICE_BES1,EUNICE_ALL,STORAGE,WEST,2021,40.3
FLAT TOP BATTERY (DGR),FLTBES_BESS1,FLTBES1,STORAGE,WEST,2020,9.9
FLOWER VALLEY BATTERY (DGR),FLVABES1_FLATU1,FLVABES1_ESR,STORAGE,WEST,2021,9.9
GAMBIT BATTERY,GAMBIT_BESS1,GAMBIT_RN,STORAGE,COASTAL,2021,100
HOEFSROAD BESS (DGR),HRBESS_BESS,HRBESS_BESS,STORAGE,WEST,2021,2
INADALE ESS,INDL_ESS,IND_INADALE1,STORAGE,WEST,2018,9.9
JOHNSON CITY BESS (DGR),JC_BAT_UNIT_1,JC_BAT_RN,STORAGE,SOUTH,2020,2.3
NOTREES BATTERY FACILITY,NWF_NBS,NWF_NWF1,STORAGE,WEST,2013,33.7
OCI ALAMO 1,OCI_ALM1_ASTRO1,RN_OCI_ALAMO,STORAGE,SOUTH,2016,1
PORT LAVACA BATTERY (DGR),PTLBES_BESS1,PTLBES_BESS1,STORAGE,COASTAL,2020,9.9
PROSPECT STORAGE (DGR),WCOLLDG_BSS_U1,BSS_U1,STORAGE,COASTAL,2020,9.9
PYRON ESS,PYR_ESS,PYR_PYRON1,STORAGE,WEST,2018,9.9
RABBIT HILL ENERGY STORAGE PROJECT (DGR),RHESS2_ESS_1,RHESS2_ESS1,STORAGE,SOUTH,2020,9.9
SNYDER (DGR),SNY_BESS_UNIT1,SNY_BESS_RN,STORAGE,WEST,2021,9.9
SWOOSE BATTERY (DGR),SWOOSE1_SWOOSEU1,SWOOSE1_U1,STORAGE,WEST,2021,9.9
TOS BATTERY STORAGE (DGR),TOSBATT_UNIT1,RN_TOSBATT,STORAGE,WEST,2017,2
TRIPLE BUTTE (DGR),TRIPBUT1_BELU1,TRIPBUT1_RN,STORAGE,WEST,2021,7.5
WESTOVER BESS (DGR),WOV_BESS_UNIT1,WOV_BESS_RN,STORAGE,WEST,2021,9.9
WORSHAM BATTERY (DGR),WRSBES_BESS1,WRSBES_BESS1,STORAGE,WEST,2020,9.9
KINGSBERY ENERGY STORAGE SYSTEM,DG_KB_ESS_KB_ESS,#N/A,STORAGE,SOUTH,2017,1.5
MU ENERGY STORAGE SYSTEM,DG_MU_ESS_MU_ESS,#N/A,STORAGE,SOUTH,2018,1.5
YOUNICOS FACILITY,DG_YOUNICOS_YINC1_1,#N/A,STORAGE,SOUTH,2015,2
TOPAZ POWER PLANT*,,TOPAZ_ALL,GAS-GT,HOUSTON,2021,454.4
WEST RAYMOND (EL TRUENO) WIND,,,WIND-C,COASTAL,2021,239.8
GRIFFIN TRAIL WIND,,,WIND-O,WEST,2021,225.6
OVEJA WIND,,,WIND-O,WEST,2021,302.4
CORAZON SOLAR PHASE I,CORAZON_UNIT1,CORAZON_RN,SOLAR,SOUTH,2021,202.6
GALLOWAY 1 SOLAR,GALLOWAY_SOLAR1,GALO_RN1,SOLAR,WEST,2021,257
LILY SOLAR,LILY_SOLAR1,LILY_RN,SOLAR,NORTH,2021,147.6
WAGYU SOLAR,,,SOLAR,COASTAL,2021,120
